id,code,name,price,up_down_rate,up_down,up_rate,change_rate,quantity_rate,amplitude_rate,transaction,circulating,circulation_market,pe_ratio
1,301191,菲菱科思,110.14,20,18.36,0,39.87,1.51,21.74,8.77亿,2179.66万,24.01亿,42.19
2,300394,天孚通信,88.38,20,14.73,0,9.59,2.22,19.39,29.00亿,3.62亿,319.51亿,73.94
3,688498,源杰科技,183.92,20,30.65,0,23.64,2.28,21.48,7.61亿,1853.06万,34.08亿,402.34
4,300570,太辰光,39.2,19.99,6.53,0,16.16,2.03,20.48,11.44亿,1.94亿,75.99亿,62.9
5,300418,昆仑万维,36.56,19.99,6.09,0,16.07,4.57,18.84,61.29亿,11.06亿,404.49亿,62.01
6,688662,富信科技,38.55,17.35,5.7,0.1,14.68,2.82,20.97,2.90亿,5423.00万,20.91亿,亏损
7,301052,果麦文化,44.9,16.62,6.4,0.54,17.19,5.68,18.05,4.05亿,5470.22万,24.56亿,55.59
8,688702,盛科通信-U,59.95,15.33,7.97,0.27,33.55,1.22,18.37,7.13亿,3719.68万,22.30亿,346.6
9,300461,田中精机,23.69,15.11,3.11,-0.13,11.93,2.95,16.57,2.18亿,8171.10万,19.36亿,453.46
10,688205,德科立,65.58,14.49,8.3,-0.64,11.91,1.57,18.14,3.48亿,4686.57万,30.73亿,69.12
11,300548,博创科技,34.36,14.3,4.3,0,20.33,2.69,17.17,15.20亿,2.29亿,78.63亿,34.7
12,300308,中际旭创,111.08,14.08,13.71,0.07,8.63,2.25,15.84,68.68亿,7.50亿,833.33亿,72.65
13,300049,福瑞股份,38.11,13.86,4.64,-0.05,9.88,1.27,21.21,8.19亿,2.31亿,87.84亿,114.39
14,300432,富临精工,10.41,13.77,1.26,-0.1,6.38,4.33,20.66,7.87亿,11.93亿,124.17亿,亏损
15,688318,财富趋势,148.98,13.4,17.61,0.33,5.42,3.64,12.51,9.95亿,1.31亿,194.68亿,81.98
16,872808,曙光数创,37.84,12.75,4.28,0,8.31,4.21,16.75,2.11亿,6868.63万,25.99亿,79.26
17,300502,新易盛,44.64,12.16,4.84,-0.02,12.64,2.45,13.24,33.71亿,6.18亿,275.70亿,54.95
18,688313,仕佳光子,13.43,12.1,1.45,0.08,7.01,3.16,15.44,3.91亿,4.36亿,58.54亿,亏损
19,300620,光库科技,48.89,11.88,5.19,0.02,11.6,2.05,14.6,13.18亿,2.41亿,118.05亿,189.02
20,300624,万兴科技,82,11.41,8.4,0.01,14.48,3.97,14.61,14.01亿,1.20亿,98.69亿,128.7
21,300780,德恩精工,19.79,11.18,1.99,0.05,37.97,2.07,19.44,7.93亿,1.03亿,20.42亿,92.85
22,300255,常山药业,9.25,11.04,0.92,0,17.25,1.06,17.05,13.98亿,9.32亿,86.19亿,亏损
23,301042,安联锐视,40.8,10.96,4.03,0.15,15.9,6.11,16.97,2.61亿,4229.30万,17.26亿,34.36
24,300959,线上线下,39.3,10.39,3.7,0.64,11.23,1.88,12.19,1.58亿,3717.52万,14.61亿,69.23
25,300476,胜宏科技,22.7,10.36,2.13,0,6.34,2.53,11.91,11.89亿,8.56亿,194.38亿,28.42
26,300002,神州泰岳,9.7,10.35,0.91,0,9.35,3.49,11.6,16.01亿,18.19亿,176.46亿,23.54
27,300169,天晟新材,8.21,10.35,0.77,0,34.63,2.59,12.5,8.54亿,3.02亿,24.77亿,亏损
28,301178,天亿马,35.5,10.32,3.32,0.11,14.58,4.75,15.23,2.23亿,4359.89万,15.48亿,4359.93
29,688292,浩瀚深度,29.22,10.22,2.71,-0.1,8.41,2.22,11.51,1.92亿,8080.26万,23.61亿,56.03
30,300280,紫天科技,30.09,10.22,2.79,0.17,12.72,3.56,14.03,6.03亿,1.60亿,48.29亿,21.07
31,600355,精伦电子,4.69,10.09,0.43,0,12.88,1.39,7.04,2.91亿,4.92亿,23.08亿,亏损
32,2217,合力泰,3.5,10.06,0.32,0,4.25,1.76,8.49,4.54亿,31.13亿,108.96亿,亏损
33,2513,蓝丰生化,7.33,10.06,0.67,0,8.57,3.78,10.06,1.91亿,3.15亿,23.05亿,亏损
34,603118,共进股份,11.62,10.04,1.06,0,6.6,1.45,10.98,5.80亿,7.87亿,91.45亿,22.75
35,2892,科力尔,14.58,10.04,1.33,0,24.91,1.54,12.23,9.47亿,2.76亿,40.17亿,92.7
36,603042,华脉科技,18.11,10.02,1.65,0,30.94,2.03,9.42,8.60亿,1.61亿,29.08亿,亏损
37,603206,嘉环科技,18,10.02,1.64,0,14.88,0.9,10.7,2.25亿,8720.00万,15.70亿,34.53
38,605277,新亚电子,14.82,10.02,1.35,0,16.94,6.27,13.36,2.68亿,1.10亿,16.30亿,24.06
39,2848,高斯贝尔,11.64,10.02,1.06,0,9.93,1.07,8.22,1.85亿,1.62亿,18.87亿,亏损
40,1282,三联锻造,37.03,10.01,3.37,0,17.36,1.55,0.03,1.79亿,2780.86万,10.30亿,45.01
41,2953,日丰股份,12.42,10.01,1.13,0,3.81,3.04,6.38,9443.57万,2.01亿,24.91亿,28.54
42,2855,捷荣技术,35.94,10.01,3.27,0,17.01,0.92,9,14.63亿,2.46亿,88.45亿,亏损
43,301139,元道通信,33.2,10.01,3.02,-0.12,23.96,1.81,17.06,5.27亿,6798.58万,22.57亿,51.13
44,2281,光迅科技,31.22,10.01,2.84,0,5.43,0.85,11.52,11.05亿,6.81亿,212.55亿,51.95
45,586,汇源通信,15.4,10,1.4,0,6.33,5.71,10,1.83亿,1.93亿,29.79亿,101.33
46,688111,金山办公,374.96,10,34.08,0,1.08,2.27,10.12,18.19亿,4.62亿,1731.27亿,144.44
47,601858,中国科传,30.92,10,2.81,0,5.75,2.12,9.85,13.77亿,7.91亿,244.42亿,66.47
48,2463,沪电股份,21.9,9.99,1.99,0,5.64,2.01,10.8,22.72亿,19.05亿,417.21亿,42.37
49,603083,剑桥科技,48.1,9.99,4.37,0,11.24,1.13,10.36,13.71亿,2.61亿,125.30亿,41.35
50,688365,光云科技,11.89,9.99,1.08,0,2.78,2.35,11.29,1.36亿,4.26亿,50.63亿,亏损
51,603496,恒为科技,21.47,9.99,1.95,0,11.57,3.83,8.81,7.88亿,3.20亿,68.75亿,204.03
52,603220,中贝通信,26.65,9.99,2.42,0,21.88,1.82,11.76,18.77亿,3.34亿,88.96亿,67.83
53,988,华工科技,32.93,9.99,2.99,0,10,2.53,10.62,32.40亿,10.05亿,330.94亿,28.46
54,600615,丰华股份,11.13,9.98,1.01,0,5.99,0.85,5.83,1.23亿,1.88亿,20.88亿,亏损
55,603123,翠微股份,11.24,9.98,1.02,0,8.3,7.67,10.37,5.98亿,6.52亿,73.32亿,150.48
56,600155,华创云信,9.06,9.95,0.82,0,13.91,1.86,8.01,28.06亿,22.61亿,204.88亿,32.57
57,633,合金投资,7.74,9.94,0.7,0,12.3,2.43,11.93,3.53亿,3.85亿,29.81亿,522.91
58,2375,亚厦股份,5.53,9.94,0.5,0,8.59,1.72,11.13,6.08亿,13.31亿,73.60亿,28.95
59,813,德展健康,3.89,9.89,0.35,0,11.82,2.36,10.73,9.78亿,21.65亿,84.20亿,亏损
60,300604,长川科技,36.35,9.82,3.25,0.14,3.42,2.6,10.85,5.36亿,4.51亿,163.98亿,545.65
61,603960,克来机电,16.1,9.75,1.43,-0.06,4.29,3.76,11.11,1.75亿,2.62亿,42.11亿,72.82
62,688609,九联科技,10.5,9.49,0.91,0,19.21,2.03,16.89,6.44亿,3.29亿,34.52亿,亏损
63,688153,唯捷创芯,59.38,9.15,4.98,0.47,3.35,1.61,10.75,1.70亿,9000.01万,53.44亿,亏损
64,301018,申菱环境,28.14,9.15,2.36,-0.04,6.97,2,12.34,1.69亿,8855.20万,24.92亿,43.05
65,300609,汇纳科技,25.8,9.14,2.16,-0.04,7.09,1.84,10.57,1.68亿,9503.45万,24.52亿,亏损
66,301183,东田微,48.4,9.13,4.05,-0.29,17.36,1.46,13.3,3.77亿,4608.80万,22.31亿,亏损
67,301092,争光股份,31.56,9.02,2.61,-0.1,19.62,1.9,11.74,2.60亿,4285.59万,13.53亿,41.09
68,300913,兆龙互连,32.89,8.94,2.7,-0.03,22.02,2.59,12.69,4.64亿,6523.20万,21.45亿,88.6
69,601138,工业富联,19.94,8.9,1.63,0,1.07,2.24,10.16,41.31亿,198.30亿,3954.12亿,27.66
70,300757,罗博特科,65.4,8.86,5.32,-0.08,3.63,1.9,10.32,2.40亿,1.04亿,68.02亿,234.69
71,688048,长光华芯,64.32,8.8,5.2,-0.22,7.26,1.8,11.98,3.61亿,7911.65万,50.89亿,亏损
72,301397,溯联股份,48.43,8.73,3.89,0.15,10.54,2.19,8.8,1.18亿,2372.08万,11.49亿,31.32
73,300803,指南针,65.97,8.72,5.29,-0.05,7.61,2.85,7.71,19.68亿,4.04亿,266.35亿,733.5
74,603879,永悦科技,7.02,8.5,0.55,0,4.48,1.02,8.96,1.10亿,3.59亿,25.23亿,亏损
75,688100,威胜信息,28.17,8.47,2.2,0,0.52,2.76,9.24,7049.92万,5.00亿,140.85亿,32.78
76,688618,三旺通信,61.8,8.38,4.78,0.07,1.6,1.74,7.73,2440.83万,2524.18万,15.60亿,58.1
77,688095,福昕软件,80.37,8.36,6.2,-0.08,4.52,2.56,10.72,2.30亿,6431.07万,51.69亿,亏损
78,300735,光弘科技,15.3,8.36,1.18,0.13,18.46,2.65,9.28,20.85亿,7.56亿,115.60亿,46.97
79,300494,盛天网络,13.89,8.35,1.07,0.29,9.94,2.93,9.59,5.37亿,4.00亿,55.51亿,23.33
80,301205,联特科技,90,8.33,6.92,-0.16,29.88,4.18,11.31,8.62亿,3243.60万,29.19亿,199.08
81,688088,虹软科技,36.62,8.31,2.81,0,1.59,2.17,10.03,2.31亿,4.06亿,148.68亿,148.56
82,603667,五洲新春,19.6,8.29,1.5,-0.76,10.76,1.54,11.16,6.68亿,3.26亿,63.88亿,43.5
83,603383,顶点软件,62.79,8.26,4.79,0.05,3.03,3.5,8.78,3.12亿,1.69亿,106.03亿,86.93
84,301165,锐捷网络,44.91,8.22,3.41,0.02,12.31,1.4,8.99,3.32亿,6144.24万,27.59亿,91.33
85,300042,朗科科技,29.05,8.19,2.2,0.42,7.94,2.24,9.68,4.07亿,1.82亿,52.76亿,亏损
86,300031,宝通科技,17.85,8.12,1.34,0.11,8.31,2.86,9.39,4.98亿,3.46亿,61.72亿,30.2
87,300607,拓斯达,15.86,8.04,1.18,0,10.86,2.94,10.56,4.80亿,2.85亿,45.25亿,39.98
88,300531,优博讯,14.59,7.91,1.07,0.07,7.21,7.54,9.47,3.27亿,3.15亿,46.02亿,48.47
89,688102,斯瑞新材,12.03,7.8,0.87,0.17,1.85,2.64,8.78,5262.80万,2.43亿,29.22亿,64
90,600481,双良节能,10.82,7.77,0.78,-0.19,2.9,6.52,4.48,5.81亿,18.71亿,202.41亿,16.38
91,300762,上海瀚讯,16.19,7.72,1.16,0.25,4.83,2.06,8.98,4.76亿,6.28亿,101.67亿,亏损
92,301486,致尚科技,50.33,7.61,3.56,0.1,12.99,2.03,8.12,1.94亿,3051.23万,15.36亿,76.66
93,688787,海天瑞声,72.61,7.57,5.11,-0.07,5.6,1.83,8.44,1.64亿,4125.18万,29.95亿,亏损
94,688668,鼎通科技,50.81,7.53,3.56,0.12,6.8,1.46,9.69,1.58亿,4655.85万,23.66亿,55.77
95,300033,同花顺,152.02,7.45,10.54,0.01,5.49,3.11,8.3,22.12亿,2.72亿,412.80亿,88.97
96,301230,泓博医药,45.2,7.44,3.13,0,11.34,2.34,7.92,1.21亿,2425.50万,10.96亿,73.96
97,300608,思特奇,10.17,7.39,0.7,0,7.76,2.99,8.77,2.08亿,2.71亿,27.57亿,亏损
98,727,冠捷科技,2.47,7.39,0.17,0.41,5.59,1.94,8.7,4.64亿,34.19亿,84.45亿,127.01
99,300688,创业黑马,29.43,7.37,2.02,0,7.45,2.05,8.46,3.04亿,1.42亿,41.76亿,亏损
100,300508,维宏股份,31.11,7.28,2.11,-0.06,8.44,0.97,9.24,1.51亿,5848.56万,18.19亿,34.4
101,688127,蓝特光学,17.86,7.27,1.21,0.34,4.37,3.32,8.65,1.84亿,2.41亿,43.02亿,162.12
102,2488,金固股份,7.4,7.25,0.5,0,3.3,2.71,8.7,2.20亿,9.21亿,68.17亿,亏损
103,300337,银邦股份,6.41,7.19,0.43,0,4.94,4.59,10.87,2.21亿,7.10亿,45.50亿,80.49
104,300229,拓尔思,18.49,7.13,1.23,0,6.35,2.87,8.29,9.18亿,7.95亿,146.94亿,105.57
105,2514,宝馨科技,8.17,7.08,0.54,0,5.46,5.04,9.96,2.46亿,5.54亿,45.26亿,561.07
106,688129,东来技术,15.75,7.07,1.04,0.13,8.21,7.03,7.75,5274.27万,4143.00万,6.53亿,121.78
107,603616,韩建河山,6.21,7.07,0.41,0,12.09,3.74,10.69,2.84亿,3.81亿,23.68亿,亏损
108,936,华西股份,9.11,7.05,0.6,0,8.64,2.88,7.64,6.86亿,8.86亿,80.70亿,90.94
109,300545,联得装备,25.05,7.05,1.65,-0.08,6.53,1.88,6.97,1.79亿,1.12亿,28.04亿,28.63
110,688080,映翰通,39.21,7.04,2.58,0.26,1.82,1.12,7.94,5109.77万,7360.15万,28.86亿,30.99
111,688079,美迪凯,10.49,7.04,0.69,0.19,3.69,0.67,7.55,6751.67万,1.78亿,18.68亿,亏损
112,688182,灿勤科技,20.64,7,1.35,0.34,4.84,1.17,9.28,9363.07万,9600.00万,19.81亿,190.88
113,2315,焦点科技,29.53,6.99,1.93,0.1,6.9,3.35,8.52,3.95亿,1.97亿,58.28亿,24.28
114,688207,格灵深瞳,20.75,6.96,1.35,0.05,3.17,1.79,7.47,1.13亿,1.75亿,36.31亿,1270.16
115,603766,隆鑫通用,5.86,6.93,0.38,0,2.69,3.22,7.48,3.18亿,20.54亿,120.34亿,11.99
116,818,航锦科技,33.8,6.89,2.18,0.18,1.82,2.23,7.81,4.05亿,6.77亿,228.95亿,188.84
117,300499,高澜股份,13.35,6.89,0.86,0,8.22,1.14,9.21,2.92亿,2.73亿,36.40亿,亏损
118,2530,金财互联,9.03,6.86,0.58,0.22,8.01,2,8.28,4.82亿,6.80亿,61.44亿,亏损
119,688195,腾景科技,37,6.84,2.37,0.08,8.53,1.2,8.66,2.55亿,8184.00万,30.28亿,117.36
120,688027,国盾量子,131.99,6.8,8.41,-0.2,1.51,2.64,7.22,1.54亿,7895.19万,104.21亿,亏损
121,688216,气派科技,25.98,6.78,1.65,-0.04,3.27,2.31,7.36,3611.15万,4380.00万,11.38亿,亏损
122,688435,英方软件,62.15,6.75,3.93,0,5.86,1.41,7.13,6567.70万,1841.26万,11.44亿,亏损
123,600560,金自天正,13.45,6.75,0.85,-0.07,6.2,2.92,10.32,1.86亿,2.24亿,30.08亿,84.84
124,2765,蓝黛科技,6.65,6.74,0.42,0.15,9.75,3.26,10.59,3.23亿,5.01亿,33.31亿,42.35
125,300654,世纪天鸿,9.99,6.73,0.63,0,4.75,2.46,8.12,1.51亿,3.23亿,32.27亿,241.5
126,300870,欧陆通,46.71,6.67,2.92,0,1.8,1.71,8.43,8310.98万,1.01亿,47.27亿,284.55
127,688629,华丰科技,22.92,6.65,1.43,0.26,10.06,1.94,8.89,1.23亿,5475.01万,12.55亿,140.33
128,605289,罗曼股份,32.08,6.65,2,0.25,4.34,2.48,8.58,6873.84万,5061.00万,16.24亿,49.44
129,300826,测绘股份,16.53,6.64,1.03,0,6.03,0.94,8.26,1.35亿,1.39亿,22.97亿,100.1
130,300007,汉威科技,16.86,6.64,1.05,0,6.73,2.83,9.11,3.12亿,2.82亿,47.54亿,39.33
131,300245,天玑科技,8.68,6.63,0.54,-0.23,6.59,1.37,7.12,1.74亿,3.11亿,26.99亿,亏损
132,2902,铭普光磁,28.31,6.63,1.76,0.04,36.33,1.17,12.13,15.13亿,1.49亿,42.32亿,331.5
133,300678,中科信息,33.3,6.63,2.07,0,8.97,2.25,8.84,8.38亿,2.84亿,94.58亿,314.95
134,300615,欣天科技,17.05,6.56,1.05,-0.06,6.11,1.1,7.5,1.32亿,1.29亿,22.05亿,28.01
135,2976,瑞玛精密,33.25,6.54,2.04,0.03,7.82,1.11,10.73,1.63亿,6464.22万,21.49亿,38.85
136,300533,冰川网络,28.4,6.53,1.74,0.07,6.91,2.65,7.16,3.11亿,1.62亿,45.95亿,20.22
137,301132,满坤科技,28.65,6.51,1.75,0,7.26,1.27,7.06,8689.78万,4300.55万,12.32亿,42.29
138,301310,鑫宏业,54.19,6.49,3.3,0,6.55,2.09,7.55,7664.05万,2209.71万,11.97亿,35.58
139,300788,中信出版,27.12,6.44,1.64,0.04,2.37,2.68,7.42,1.20亿,1.90亿,51.57亿,28.38
140,300130,新国都,22.33,6.43,1.35,0.09,5.55,2.52,8.34,4.97亿,4.06亿,90.67亿,18.13
141,603662,柯力传感,31.93,6.43,1.93,0.16,5.24,1.62,9.67,4.60亿,2.81亿,89.67亿,32.21
142,300364,中文在线,13.59,6.42,0.82,-0.07,6.92,2.53,7.2,6.10亿,6.60亿,89.67亿,亏损
143,600846,同济科技,9.8,6.41,0.59,0,2.06,2.54,7.17,1.23亿,6.25亿,61.23亿,15.47
144,2837,英维克,26.43,6.4,1.59,0.19,2.55,1.38,7.17,3.18亿,4.82亿,127.44亿,81.24
145,688362,甬矽电子,30.31,6.39,1.82,0.17,8.36,1.23,7.51,1.18亿,4800.00万,14.55亿,亏损
146,301363,美好医疗,33.26,6.36,1.99,0,14.89,1.97,8.15,1.95亿,4026.05万,13.39亿,28.07
147,300592,华凯易佰,24.83,6.34,1.48,0.16,2.52,2.32,7.02,9659.54万,1.58亿,39.13亿,17.26
148,688409,富创精密,90.62,6.32,5.39,-0.02,3.17,1.31,7.43,1.32亿,4675.40万,42.37亿,99
149,833533,骏创科技,16.03,6.3,0.95,0,1.52,1.73,6.5,804.47万,3358.32万,5.38亿,17.69
150,300520,科大国创,20.25,6.3,1.2,0.05,3.47,1.8,7.24,1.60亿,2.33亿,47.14亿,53.61
151,3015,日久光电,14.02,6.29,0.83,-2.1,58.4,2.41,12.13,16.01亿,1.94亿,27.15亿,1074.98
152,301041,金百泽,27.38,6.29,1.62,0.26,6.58,1.5,7.3,1.08亿,6151.95万,16.84亿,77.79
153,3004,声迅股份,27.05,6.29,1.6,0,6.43,3.74,6.8,5746.67万,3364.10万,9.10亿,亏损
154,300098,高新兴,3.72,6.29,0.22,0.54,4.97,2.12,8.29,2.76亿,15.40亿,57.30亿,亏损
155,603196,日播时尚,17.59,6.28,1.04,0.17,1.87,2.03,8.34,7699.01万,2.38亿,41.84亿,399.91
156,601059,信达证券,17.93,6.28,1.06,0.11,22.97,3.18,7.76,13.16亿,3.24亿,58.15亿,39.87
157,600071,凤凰光学,18.65,6.27,1.1,0,2.07,3.16,8.32,1.07亿,2.82亿,52.51亿,亏损
158,688320,禾川科技,37.65,6.27,2.22,1.02,7.23,2.88,10.89,2.23亿,8576.78万,32.29亿,56.84
159,603052,可川科技,29.53,6.26,1.74,-0.07,5.67,3.07,6.73,3928.51万,2408.00万,7.11亿,34.17
160,300766,每日互动,15.87,6.22,0.93,-0.06,5.12,1.63,7.5,2.90亿,3.64亿,57.70亿,399.67
161,301282,金禄电子,26.21,6.2,1.53,-0.04,3.51,1.56,6.97,6491.68万,7214.00万,18.91亿,68.91
162,688539,高华科技,41.3,6.2,2.41,0.1,4.17,2.03,7.1,4747.44万,2822.73万,11.66亿,68.05
163,688160,步科股份,61.72,6.18,3.59,0.03,11.73,1.27,8.12,1.96亿,2771.69万,17.11亿,82.71
164,688590,新致软件,17.88,6.18,1.04,0.17,3.65,1.55,6.71,1.03亿,1.61亿,28.78亿,78.52
165,2912,中新赛克,32.59,6.16,1.89,0.34,2.51,1.98,7.33,1.30亿,1.62亿,52.87亿,37.69
166,676,智度股份,6.04,6.15,0.35,0,2.75,2.65,7.03,2.07亿,12.75亿,77.00亿,44.46
167,300504,天邑股份,21.31,6.13,1.23,-0.05,15.12,2.1,12.2,6.50亿,2.15亿,45.79亿,30.47
168,2876,三利谱,30.5,6.12,1.76,0.07,1.8,1.81,6.89,7946.62万,1.49亿,45.36亿,110.74
169,300426,唐德影视,10.4,6.12,0.6,-0.1,2.6,1.3,8.37,1.06亿,3.97亿,41.28亿,亏损
170,2230,科大讯飞,49.45,6.12,2.85,0,4.3,2.16,7.58,44.54亿,21.28亿,1052.21亿,778.22
171,688260,昀冢科技,17.71,6.05,1.01,0,1.94,1.34,7.37,2276.60万,6811.63万,12.06亿,亏损
172,300802,矩子科技,19.15,6.04,1.09,0.21,1.94,2.35,6.53,6933.18万,1.90亿,36.46亿,73.07
173,688258,卓易信息,62.53,6.02,3.55,0,3.06,1.17,8.73,1.62亿,8695.66万,54.37亿,53.6
174,688228,开普云,40.11,6,2.27,0.08,2.91,2.12,6.37,7715.00万,6751.82万,27.08亿,亏损
175,605168,三人行,68.88,5.99,3.89,0.03,1.76,1.96,7.22,1.74亿,1.46亿,100.69亿,23.3
176,688158,优刻得-W,15.76,5.99,0.89,0,3.29,1.8,6.93,1.81亿,3.55亿,56.01亿,亏损
177,301202,朗威股份,36.51,5.98,2.06,0.08,20.71,1.88,7.43,2.41亿,3231.01万,11.80亿,80.15
178,688322,奥比中光-UW,29.68,5.96,1.67,0.03,2.66,1.36,6.78,1.69亿,2.19亿,64.97亿,亏损
179,300475,香农芯创,29.7,5.96,1.67,0,4.51,0.79,8.13,5.78亿,4.40亿,130.75亿,38.49
180,301272,英华特,64.02,5.94,3.59,-0.13,11.26,2.71,10.24,1.00亿,1387.51万,8.88亿,49.45
181,688697,纽威数控,21.86,5.91,1.22,0.05,4.05,1.71,6.54,7095.62万,8166.67万,17.85亿,23.47
182,2919,名臣健康,32.86,5.9,1.83,-0.09,1.97,2.59,8.61,1.41亿,2.20亿,72.26亿,36.63
183,301006,迈拓股份,19.14,5.86,1.06,0.05,6.04,0.9,7.91,7229.32万,6407.02万,12.26亿,20.33
184,301085,亚康股份,61.59,5.86,3.41,0.1,13.62,1.64,7.89,2.70亿,3260.85万,20.08亿,51.21
185,300213,佳讯飞鸿,7.05,5.86,0.39,-0.28,12.62,1.02,10.21,4.72亿,5.51亿,38.84亿,80.28
186,688323,瑞华泰,21.65,5.82,1.19,0.46,1.86,2.01,7.58,3863.06万,9773.40万,21.16亿,亏损
187,300971,博亚精工,27.19,5.8,1.49,0.11,23.81,1.16,7.28,3.48亿,5465.41万,14.86亿,36.25
188,688420,美腾科技,31.43,5.79,1.72,-0.1,3.69,2.11,6.09,2404.21万,2122.56万,6.67亿,45.95
189,300713,英可瑞,17.76,5.78,0.97,0.11,4.95,1.75,6.43,7473.67万,8662.54万,15.38亿,亏损
190,688041,海光信息,54.26,5.77,2.96,0.06,2.77,2.34,6.55,13.00亿,8.81亿,477.79亿,93.08
191,600498,烽火通信,20.09,5.74,1.09,0.05,3.32,2.29,7.58,7.41亿,11.32亿,227.33亿,59.68
192,300565,科信技术,14.94,5.73,0.81,0,3.95,1.93,6.51,1.09亿,1.88亿,28.13亿,亏损
193,300378,鼎捷软件,24.53,5.73,1.33,0.04,5.5,1.54,6.64,3.55亿,2.68亿,65.62亿,91.43
194,600353,旭光电子,8.14,5.71,0.44,-0.25,2.38,1.63,6.88,1.54亿,8.09亿,65.81亿,66.96
195,2236,大华股份,20.93,5.71,1.13,0.19,2.79,2.41,7.37,11.28亿,19.59亿,410.02亿,17.45
196,600864,哈投股份,6.13,5.69,0.33,0.16,5.17,2.03,6.38,6.50亿,20.81亿,127.54亿,59.58
197,600251,冠农股份,9.5,5.67,0.51,0,4.16,4.7,3.45,3.07亿,7.77亿,73.81亿,7.91
198,300515,三德科技,12.7,5.66,0.68,0.08,1.96,1.59,5.82,4455.30万,1.83亿,23.25亿,35.71
199,603985,恒润股份,26.53,5.66,1.42,0.04,4.85,1.96,9,5.61亿,4.41亿,116.96亿,105.73
200,2990,盛视科技,30.48,5.65,1.63,0.1,3.34,1.42,6.76,1.32亿,1.32亿,40.38亿,30.87
201,2555,三七互娱,21.72,5.64,1.16,0,4.91,2.48,7.83,16.91亿,16.08亿,349.30亿,19.64
202,603888,新华网,30.18,5.63,1.61,0,3.59,1.53,6.75,5.52亿,5.19亿,156.64亿,69.75
203,688025,杰普特,73.94,5.63,3.94,0.22,1.21,1.48,5.74,8393.00万,9499.09万,70.24亿,71.62
204,688004,博汇科技,31.01,5.62,1.65,0.1,2.09,1.46,5.86,3610.33万,5680.00万,17.61亿,亏损
205,300058,蓝色光标,7.71,5.62,0.41,0.13,5.54,2.37,6.85,9.69亿,23.04亿,177.65亿,33.65
206,301112,信邦智能,30.53,5.6,1.62,0.03,6.11,2.36,6.78,6610.35万,3625.69万,11.07亿,47.51
207,300634,彩讯股份,20.57,5.6,1.09,0.05,4.49,1.56,6.21,3.90亿,4.31亿,88.72亿,18.37
208,2605,姚记科技,26.83,5.59,1.42,0.08,4.81,2.23,7.48,4.20亿,3.30亿,88.41亿,13.56
209,301315,威士顿,65.46,5.58,3.46,0.08,20.73,1.73,5.48,2.79亿,2086.39万,13.66亿,173.07
210,300781,因赛集团,20.43,5.58,1.08,0.05,4.13,1.72,6.46,6734.26万,8110.42万,16.57亿,50.85
211,301512,智信精密,57.91,5.58,3.06,-0.05,11.18,1.55,5.98,8503.84万,1333.34万,7.72亿,亏损
212,430418,苏轴股份,17.23,5.58,0.91,0,1.79,1.29,9.19,1561.02万,5114.25万,8.81亿,15.09
213,688378,奥来德,38.16,5.56,2.01,-0.03,1.99,1.11,7.63,7041.44万,9480.33万,36.18亿,29.1
214,2878,元隆雅图,16.71,5.56,0.88,0.06,4.66,0.94,8.53,1.49亿,1.95亿,32.62亿,218.96
215,688686,奥普特,115.5,5.56,6.08,0.46,1.56,1.31,6.71,6032.75万,3432.35万,39.64亿,40.65
216,603859,能科科技,39.55,5.55,2.08,0.28,1.48,1.19,6.8,9532.88万,1.67亿,65.88亿,32.12
217,301185,鸥玛软件,24.59,5.54,1.29,0.04,4.57,1.43,7,9466.46万,8610.95万,21.17亿,42.16
218,300812,易天股份,22.5,5.54,1.18,0.04,9.23,1.94,6,1.84亿,8984.25万,20.21亿,73.83
219,688213,思特威-W,52,5.52,2.72,0,2.38,1.06,8.89,2.50亿,2.06亿,106.92亿,亏损
220,600630,龙头股份,7.08,5.51,0.37,-0.14,25.34,1.77,9.84,7.66亿,4.25亿,30.08亿,140.57
221,300382,斯莱克,10.57,5.49,0.55,-0.28,1.32,1.81,6.19,8564.40万,6.28亿,66.41亿,51.86
222,603081,大丰实业,13.84,5.49,0.72,0,1.08,1.38,5.87,5936.57万,4.04亿,55.91亿,23.27
223,688183,生益电子,11.17,5.48,0.58,0,1.37,2.29,6.8,4654.36万,3.08亿,34.44亿,485.38
224,601208,东材科技,11.4,5.46,0.59,0,2.01,2.08,6.11,2.03亿,8.97亿,102.23亿,23.75
225,301318,维海德,30.92,5.46,1.6,0,4.24,1.91,6.79,3792.41万,2948.46万,9.12亿,34.81
226,601456,国联证券,11.03,5.45,0.57,0.09,3.57,2.15,6.5,9.27亿,23.89亿,263.52亿,26.02
227,603679,华体科技,13.77,5.44,0.71,0,4.64,2.72,6.36,1.02亿,1.63亿,22.47亿,48.37
228,688082,盛美上海,106.06,5.43,5.46,2.31,1.34,0.83,6.32,1.03亿,7468.83万,79.21亿,52.58
229,688076,诺泰生物,34.39,5.43,1.77,0,4.08,1.35,6.22,2.02亿,1.46亿,50.34亿,87.59
230,300679,电连技术,35.19,5.42,1.81,0.14,1.44,1.91,6.29,1.78亿,3.56亿,125.27亿,59.43
231,301025,读客文化,10.89,5.42,0.56,0.09,4.87,2.98,6.2,5188.90万,9920.45万,10.80亿,127.91
232,836675,秉扬科技,5.06,5.42,0.26,0,1.55,1.04,6.04,605.54万,7829.45万,3.96亿,11.54
233,603466,风语筑,11.87,5.42,0.61,-0.08,2.62,1.87,7.19,1.82亿,5.95亿,70.60亿,30.9
234,688256,寒武纪-U,130.49,5.4,6.69,-0.15,3.93,1.57,7.67,12.84亿,2.53亿,329.68亿,亏损
235,2712,思美传媒,5.67,5.39,0.29,0.18,2.43,1.84,5.39,7325.22万,5.41亿,30.67亿,153.22
236,300711,广哈通信,14.28,5.39,0.73,0.14,4.34,0.84,6.5,1.51亿,2.48亿,35.40亿,142.25
237,688392,骄成超声,79.04,5.39,4.04,0,3.57,1.21,7.17,7070.43万,2554.60万,20.19亿,72.25
238,688337,普源精电,51.08,5.38,2.61,-0.02,0.99,0.9,6.68,2788.55万,5629.63万,28.76亿,99.74
239,300344,立方数科,5.1,5.37,0.26,0.2,2.29,1.91,6.41,7325.21万,6.39亿,32.60亿,亏损
240,600239,云南城投,2.55,5.37,0.13,0.39,7.27,3.48,9.09,2.98亿,16.06亿,40.95亿,15.73
241,719,中原传媒,10.99,5.37,0.56,0.09,5.25,1.97,6.62,3.79亿,6.67亿,73.32亿,11.92
242,300563,神宇股份,14.94,5.36,0.76,0,9.09,1.03,6.07,1.63亿,1.23亿,18.35亿,64.02
243,300731,科创新源,21.04,5.36,1.07,0,7.42,0.72,6.21,1.84亿,1.20亿,25.28亿,113.83
244,300250,初灵信息,17.51,5.36,0.89,-0.23,14.54,1.36,8.79,4.08亿,1.64亿,28.64亿,143.52
245,2300,太阳电缆,8.08,5.35,0.41,0.12,2.36,3.41,6.39,1.36亿,7.22亿,58.36亿,29.84
246,300946,恒而达,34,5.3,1.71,0.15,5.06,1.33,5.85,5789.79万,3414.60万,11.61亿,39.66
247,688097,博众精工,25.08,5.29,1.26,-0.04,1.67,1.3,5.67,3821.20万,9290.70万,23.30亿,61.99
248,977,浪潮信息,37.91,5.28,1.9,0.11,9.5,2,6.72,52.14亿,14.70亿,557.23亿,85.78
249,301218,华是科技,41.85,5.26,2.09,-0.02,20.23,1.99,7.5,4.68亿,5604.05万,23.45亿,973.65
250,300115,长盈精密,10.03,5.25,0.5,-0.1,1.2,1.91,5.46,1.42亿,11.99亿,120.25亿,亏损
251,301314,科瑞思,46.15,5.25,2.3,0,7.77,1.05,6.07,4868.25万,1381.25万,6.37亿,108.1
252,2841,视源股份,50.85,5.24,2.53,0.08,0.51,1.05,5.53,1.23亿,4.83亿,245.36亿,29.6
253,688372,伟测科技,116.4,5.22,5.78,0,8.84,2.1,5.87,2.46亿,2437.54万,28.37亿,93.25
254,603110,东方材料,26.18,5.22,1.3,0.27,2.24,2.75,6.75,1.16亿,2.01亿,52.68亿,323.77
255,605589,圣泉集团,22,5.21,1.09,0.05,2.43,1.92,5.88,3.23亿,6.15亿,135.35亿,27.51
256,688255,凯尔达,26.47,5.21,1.31,0.04,1,1.3,5.68,1795.12万,6891.30万,18.24亿,127.37
257,300978,东箭科技,13.36,5.2,0.66,-0.52,7.43,1.2,6.61,1.28亿,1.32亿,17.62亿,34.06
258,603920,世运电路,17.01,5.2,0.84,0,2.13,1.56,5.88,1.90亿,5.32亿,90.52亿,23.1
259,2845,同兴达,16.01,5.19,0.79,0,9.89,3.32,7.62,3.52亿,2.24亿,35.80亿,254.64
260,3021,兆威机电,70.83,5.18,3.49,-0.01,3.37,1.71,6.43,1.42亿,6027.20万,42.69亿,83.3
261,603758,秦安股份,10.16,5.18,0.5,0.1,2.75,4.47,7.35,1.22亿,4.39亿,44.58亿,17.39
262,300503,昊志机电,16.47,5.17,0.81,0,14.12,0.91,7.34,4.79亿,2.11亿,34.70亿,亏损
263,603178,圣龙股份,12.61,5.17,0.62,0,13.65,2.76,8.84,4.03亿,2.36亿,29.81亿,54.71
264,301236,软通动力,27.88,5.17,1.37,0,11.71,1.43,7.32,21.50亿,6.80亿,189.67亿,65.57
265,688053,思科瑞,52.5,5.17,2.58,0.02,1.25,1.65,5.61,2544.66万,3964.61万,20.81亿,67.41
266,2903,宇环数控,19.78,5.16,0.97,-0.1,5.43,0.88,4.89,1.05亿,9937.12万,19.66亿,61.94
267,688661,和林微纳,50,5.15,2.45,0.2,4.04,1.4,6.65,7047.63万,3573.32万,17.87亿,亏损
268,300940,南极光,16.54,5.15,0.81,0,2.19,0.94,5.98,2672.90万,7577.54万,12.53亿,亏损
269,2771,真视通,14.33,5.14,0.7,0.14,9.41,1.41,7.7,2.24亿,1.71亿,24.48亿,亏损
270,605333,沪光股份,16.18,5.13,0.79,-0.74,3.05,1.06,9.36,2.08亿,4.37亿,70.67亿,亏损
271,603019,中科曙光,39.13,5.13,1.91,0.03,4.5,2.42,5.72,25.28亿,14.55亿,569.16亿,52.57
272,300612,宣亚国际,18.65,5.13,0.91,0.05,3.2,1.55,5.75,9343.47万,1.59亿,29.66亿,313.7
273,300846,首都在线,12.92,5.13,0.63,0,5.8,1.81,6.67,2.63亿,3.56亿,46.05亿,亏损
274,688560,明冠新材,19.93,5.12,0.97,0.05,3.19,1.68,5.85,7931.49万,1.28亿,25.42亿,37.92
275,2089,*ST新海,1.44,5.11,0.07,0,13.76,2.21,8.03,2.32亿,11.89亿,17.12亿,108.59
276,688698,伟创电气,33.95,5.11,1.65,0.24,4.53,0.9,6.66,6917.92万,4590.15万,15.58亿,28.74
277,2317,众生药业,16.26,5.11,0.79,0,6.86,1.61,6.72,7.88亿,7.23亿,117.53亿,33.27
278,301129,瑞纳智能,30.26,5.11,1.47,0.03,3.46,1.06,5.8,3701.52万,3620.25万,10.95亿,897.94
279,601900,南方传媒,15.86,5.1,0.77,0,2.19,2.24,6.1,3.08亿,8.96亿,142.09亿,17.28
280,300811,铂科新材,44.49,5.1,2.16,0,1.7,1.42,6.26,1.16亿,1.56亿,69.50亿,32.99
281,301248,杰创智能,19.18,5.1,0.93,0.21,3.93,1.34,6.74,7291.39万,9888.75万,18.97亿,75.57
282,1380,华纬科技,31.98,5.09,1.55,0.03,4.92,1.15,5.49,4866.88万,3157.23万,10.10亿,32.14
283,300314,戴维医疗,15.27,5.09,0.74,0,3.26,1.81,9.02,9305.86万,1.89亿,28.91亿,23.96
284,603444,吉比特,373.68,5.08,18.08,-0.01,1.74,1.82,6.19,4.59亿,7204.11万,269.20亿,19.91
285,996,*ST中期,5.39,5.07,0.26,0,8.55,6.86,4.09,1.59亿,3.45亿,18.60亿,7019.2
286,603516,淳中科技,15.97,5.07,0.77,0.38,2.38,1.38,6.58,6911.28万,1.85亿,29.57亿,223.87
287,603189,网达软件,13.48,5.07,0.65,0.15,1.24,1.54,5.77,4408.95万,2.70亿,36.34亿,亏损
288,688248,南网科技,28.42,5.07,1.37,0,3.9,1.25,6.06,8867.49万,8131.20万,23.11亿,69.3
289,300248,新开普,9.17,5.04,0.44,0,2.4,1.87,5.73,8587.59万,3.97亿,36.40亿,亏损
290,835305,云创数据,13.99,5.03,0.67,0,1.56,1.71,4.73,1746.02万,8110.09万,11.35亿,亏损
291,603699,纽威股份,15.06,5.02,0.72,-0.07,0.65,2.11,4.67,7295.04万,7.49亿,112.81亿,16.76
292,2251,步 步 高,4.82,5.01,0.23,-0.21,5.03,2.14,8.93,2.08亿,8.64亿,41.64亿,亏损
293,601949,中国出版,9.22,5.01,0.44,0.11,2.07,2.04,5.81,3.44亿,18.23亿,168.03亿,35.01
294,688058,宝兰德,50.79,5,2.42,0.22,0.89,1.21,6.57,2499.49万,5600.00万,28.44亿,334.87
295,688619,罗普特,13.29,4.98,0.63,0.08,2.14,1.57,4.42,2503.80万,8952.20万,11.90亿,亏损
296,2517,恺英网络,12.45,4.97,0.59,0.08,3.43,1.98,6.91,8.07亿,19.06亿,237.24亿,18.5
297,564,ST大集,1.27,4.96,0.06,0,1.96,4.28,4.96,3.74亿,151.81亿,192.80亿,亏损
298,301123,奕东电子,22.25,4.95,1.05,0.18,2.56,1.57,5.52,4278.53万,7641.62万,17.00亿,253.45
299,688273,麦澜德,33.29,4.95,1.57,0.18,3.46,1.55,5.86,3755.88万,3333.26万,11.10亿,28.46
300,688017,绿的谐波,112.4,4.95,5.3,-0.01,1.62,1.43,5.34,2.07亿,1.16亿,130.10亿,187.19
301,838,财信发展,3.61,4.94,0.17,0,3.08,2.31,6.39,1.15亿,10.54亿,38.04亿,亏损
302,300567,精测电子,83,4.93,3.9,0,1.98,1.2,5.7,3.36亿,2.07亿,171.62亿,954.44
303,2927,泰永长征,12.98,4.93,0.61,0.31,1.99,1.74,5.25,5585.12万,2.21亿,28.64亿,27.89
304,2388,新亚制程,6.02,4.88,0.28,-0.17,3.27,0.99,6.62,9252.18万,4.78亿,28.78亿,83.19
305,681,视觉中国,14.65,4.87,0.68,0.07,3.67,2.08,5.23,3.58亿,6.75亿,98.88亿,56.47
306,301023,江南奕帆,41.39,4.87,1.92,0.17,2.56,1.33,5.6,2479.20万,2381.59万,9.86亿,42.52
307,688168,安博通,33,4.86,1.53,0,1.35,1.14,5.5,3344.71万,7629.27万,25.18亿,亏损
308,600228,返利科技,8.03,4.83,0.37,0.13,2.74,1.51,5.35,6045.51万,2.79亿,22.39亿,亏损
309,603533,掌阅科技,20.19,4.83,0.93,0,2,1.96,5.61,1.75亿,4.39亿,88.61亿,115.84
310,688030,山石网科,19.37,4.82,0.89,0.26,0.48,1.19,5.57,1647.65万,1.80亿,34.91亿,亏损
311,600633,浙数文化,13.73,4.81,0.63,0,4.67,1.31,7.02,7.96亿,12.66亿,173.78亿,13.74
312,300845,捷安高科,19.84,4.81,0.91,-0.05,2.05,1.51,5.23,4457.84万,1.11亿,22.08亿,121.02
313,601595,上海电影,20.94,4.8,0.96,0.14,2.48,1.79,5.36,2.29亿,4.48亿,93.85亿,71.27
314,300188,美亚柏科,16.17,4.8,0.74,0,1.58,1.44,5.31,1.82亿,7.24亿,117.11亿,亏损
315,301048,金鹰重工,11.58,4.8,0.53,0,6.64,1.54,5.34,1.01亿,1.33亿,15.44亿,22.35
316,301367,怡和嘉业,127.43,4.79,5.83,0.02,5.42,1.38,6.64,1.09亿,1600.00万,20.39亿,16.74
317,2362,汉王科技,22.52,4.79,1.03,0.04,6.51,1.82,6.75,3.00亿,2.07亿,46.62亿,亏损
318,603366,日出东方,6.13,4.79,0.28,-0.33,5.27,7.09,6.15,2.67亿,8.06亿,49.42亿,26.93
319,300351,永贵电器,12.52,4.77,0.57,0.16,3.42,1.26,4.43,1.10亿,2.58亿,32.33亿,34.9
320,688327,云从科技-UW,14.28,4.77,0.65,0,3,2.12,5.8,3.16亿,7.47亿,106.61亿,亏损
321,688246,嘉和美康,32.75,4.77,1.49,0.18,1.1,1.5,5.73,3514.26万,1.00亿,32.86亿,亏损
322,603556,海兴电力,25.28,4.77,1.15,0.08,0.72,1.8,5.84,8758.17万,4.89亿,123.54亿,14.13
323,301070,开勒股份,39.57,4.77,1.8,0.15,5.14,1.17,6.78,7050.57万,3504.59万,13.87亿,63.57
324,301082,久盛电气,17.23,4.74,0.78,0.17,2.99,1.47,4.86,3338.02万,6591.80万,11.36亿,37.05
325,300689,澄天伟业,21.01,4.74,0.95,-0.1,1.71,1.7,5.73,3537.23万,9961.71万,20.93亿,81.25
326,534,万泽股份,13.05,4.74,0.59,0.15,1.22,1.64,5.7,7694.49万,4.94亿,64.53亿,38.12
327,603421,鼎信通讯,10.42,4.72,0.47,-0.1,0.51,1.38,5.43,3381.91万,6.52亿,67.96亿,94.7
328,2241,歌尔股份,15.75,4.72,0.71,0,2.25,2.13,5.19,10.27亿,29.50亿,464.70亿,63.86
329,300684,中石科技,19.3,4.72,0.87,-0.05,6.56,0.75,6.46,2.26亿,1.82亿,35.12亿,78.19
330,2821,凯莱英,144.2,4.72,6.5,-0.01,2.39,1.13,6.17,11.15亿,3.28亿,473.12亿,15.8
331,601928,凤凰传媒,10.65,4.72,0.48,0.09,0.83,1.49,6.2,2.24亿,25.45亿,271.03亿,8.69
332,300539,横河精密,11.77,4.71,0.53,0.26,1.21,1.05,4.8,2399.42万,1.71亿,20.17亿,67.43
333,300170,汉得信息,8.9,4.71,0.4,0,3.35,1.93,5.76,2.76亿,9.40亿,83.68亿,142.38
334,300686,智动力,10.46,4.71,0.47,0,4.38,2.64,5.51,8949.00万,1.99亿,20.78亿,亏损
335,688229,博睿数据,41.91,4.7,1.88,-0.1,1.78,1.34,5.45,2147.36万,2937.21万,12.31亿,亏损
336,300449,汉邦高科,6.02,4.7,0.27,0.17,2.24,1.48,5.74,3926.19万,2.96亿,17.82亿,亏损
337,1301,尚太科技,49.27,4.7,2.21,0,2.5,1.79,5.36,7902.31万,6494.37万,32.00亿,15.81
338,688091,上海谊众,57.58,4.69,2.58,0.05,0.99,1.01,6.86,6207.06万,1.11亿,63.97亿,43.77
339,600345,长江通信,19.43,4.69,0.87,-0.05,1.92,1.51,5.12,7267.25万,1.98亿,38.47亿,27.23
340,688480,赛恩斯,29.48,4.69,1.32,0.41,3.22,1.78,6.57,1888.09万,2015.07万,5.94亿,38.38
341,301035,润丰股份,73.6,4.68,3.29,-0.22,1.39,1.83,5.72,8799.42万,8785.17万,64.66亿,24.03
342,63,中兴通讯,34.76,4.67,1.55,0.03,2.82,2.37,5.78,38.98亿,40.27亿,1399.79亿,15.19
343,32,深桑达Ａ,22.47,4.66,1,0.18,3.73,1.4,4.98,5.35亿,6.45亿,144.88亿,亏损
344,603803,瑞斯康达,8.09,4.66,0.36,0.12,2.94,0.87,6.08,9892.51万,4.25亿,34.37亿,亏损
345,300562,乐心医疗,11.24,4.66,0.5,0.36,7.18,1.99,6.14,1.26亿,1.58亿,17.79亿,141.21
346,301137,哈焊华通,18.45,4.65,0.82,-0.05,9.46,1.22,5.84,1.75亿,1.02亿,18.76亿,81.7
347,603915,国茂股份,16.89,4.65,0.75,0.3,0.68,1.52,6.07,7426.92万,6.57亿,110.91亿,32.63
348,688266,泽璟制药-U,44.16,4.64,1.96,-0.02,1.69,0.86,5.59,1.05亿,1.44亿,63.42亿,亏损
349,688309,恒誉环保,23.21,4.64,1.03,0.09,1.05,1.07,4.73,1871.11万,7812.83万,18.13亿,31.82
350,300987,川网传媒,16.68,4.64,0.74,0,3.12,1.52,5.33,4902.11万,9536.80万,15.91亿,123.7
351,301171,易点天下,16.92,4.64,0.75,0.12,2.13,1.59,5.63,1.10亿,3.09亿,52.24亿,33.43
352,301302,华如科技,32.1,4.63,1.42,0.09,3.4,1.84,4.95,9311.53万,8658.00万,27.79亿,亏损
353,300797,钢研纳克,12.21,4.63,0.54,-0.08,4.12,0.65,5.31,1.85亿,3.72亿,45.46亿,54.3
354,2368,太极股份,30.8,4.62,1.36,-0.16,3.16,1.51,6.76,6.01亿,6.20亿,190.93亿,189.08
355,300136,信维通信,17.92,4.61,0.79,0.11,1.95,1.37,5.08,2.82亿,8.24亿,147.74亿,44.8
356,688290,景业智能,48.99,4.61,2.16,0.39,0.78,0.82,6.32,1765.71万,4701.05万,23.03亿,238.52
357,301330,熵基科技,32.66,4.61,1.44,0.12,3.23,1.47,5.32,6709.61万,6473.25万,21.14亿,35.52
358,301338,凯格精机,41.2,4.59,1.81,-0.1,13.76,0.73,5.84,1.90亿,3430.00万,14.13亿,62.63
359,2962,五方光电,12.79,4.58,0.56,0.08,8.15,2.36,7.52,2.16亿,2.09亿,26.76亿,56.59
360,301298,东利机械,17.59,4.58,0.77,0.11,15.13,3.02,6.18,2.15亿,8185.36万,14.40亿,43.49
361,688737,中自科技,27.2,4.58,1.19,0.15,1.77,3.01,6.57,3115.37万,6554.10万,17.83亿,79.36
362,603501,韦尔股份,96.19,4.55,4.19,0.03,0.6,1.1,5.53,6.77亿,11.81亿,1136.29亿,371.48
363,752,*ST西发,12.88,4.55,0.56,0.23,18.55,3.54,10.06,6.04亿,2.64亿,33.97亿,亏损
364,301138,华研精机,30.63,4.54,1.33,0.07,3.74,1.46,5.15,3374.99万,3000.00万,9.19亿,55.52
365,2983,芯瑞达,25.15,4.53,1.09,0.2,1.86,1.48,4.9,4861.19万,1.06亿,26.70亿,26.7
366,600105,永鼎股份,6.23,4.53,0.27,0.16,4.85,1.91,5.71,4.12亿,13.81亿,86.04亿,108.76
367,300288,朗玛信息,15.23,4.53,0.66,-0.13,3.77,1.66,5.22,1.45亿,2.56亿,39.00亿,61.85
368,301208,中亦科技,41.4,4.52,1.79,0.1,7.66,1.69,4.64,1.11亿,3544.38万,14.67亿,39.82
369,301366,一博科技,34.47,4.52,1.49,0,6.35,1.78,5.4,7515.43万,3486.90万,12.02亿,48.5
370,2343,慈文传媒,6.71,4.52,0.29,0,2.94,2,5.45,9286.10万,4.75亿,31.87亿,61.54
371,603439,贵州三力,16.9,4.51,0.73,0,2.75,2.24,7.11,1.86亿,4.08亿,69.01亿,34.31
372,70,特发信息,8.11,4.51,0.35,0,3.98,1.92,5.67,2.82亿,8.89亿,72.06亿,亏损
373,300994,久祺股份,14.41,4.5,0.62,0.07,2.61,1.33,5,2876.65万,7785.60万,11.22亿,31.7
374,300792,壹网壹创,24.92,4.49,1.07,-0.08,1.8,2.14,5.33,9211.94万,2.09亿,52.02亿,34.18
375,2913,奥士康,31.93,4.48,1.37,0.03,1.36,1.36,5.89,1.14亿,2.66亿,84.91亿,18.21
376,1229,魅视科技,30.8,4.48,1.32,0.1,3.82,1.21,5.46,3410.33万,2940.59万,9.06亿,45.89
377,688201,信安世纪,23.33,4.48,1,0.09,1.65,1.09,5.28,3521.52万,9308.76万,21.72亿,亏损
378,688655,迅捷兴,14.26,4.47,0.61,0.14,2.35,1.34,5.42,2303.36万,6996.16万,9.98亿,107.27
379,601519,大智慧,7.72,4.47,0.33,0.13,2.45,2,4.87,3.73亿,20.04亿,154.70亿,27.55
380,688279,峰岹科技,103,4.46,4.4,0.2,1.8,1.51,7.15,1.00亿,5512.65万,56.78亿,57.18
381,688090,瑞松科技,29.96,4.46,1.28,0.07,1.06,1.49,5.16,2095.95万,6736.06万,20.18亿,91.06
382,688768,容知日新,51.74,4.46,2.21,0.43,1.97,1.11,6.14,4966.17万,4961.63万,25.67亿,亏损
383,2881,美格智能,26.46,4.46,1.13,0.04,3.27,1.65,6.47,1.57亿,1.84亿,48.74亿,71.1
384,688507,索辰科技,120.99,4.45,5.15,0.2,1.99,1.09,5.67,3160.95万,1343.38万,16.25亿,亏损
385,300299,富春股份,6.12,4.44,0.26,0.16,3.27,1.8,4.61,1.28亿,6.48亿,39.63亿,123.81
386,3031,中瓷电子,100.2,4.43,4.25,0.2,2.5,1.57,6.66,1.72亿,6947.85万,69.62亿,185.66
387,300943,春晖智控,14.4,4.42,0.61,0.07,2.59,1.37,5.15,3701.40万,1.01亿,14.52亿,31.61
388,300605,恒锋信息,14.4,4.42,0.61,0.14,3.64,0.76,5.95,5867.69万,1.14亿,16.40亿,425.87
389,301388,欣灵电气,25.05,4.42,1.06,0,5.53,1.59,5.21,3496.70万,2561.19万,6.42亿,47.4
390,688360,德马科技,20.33,4.42,0.86,-0.05,0.97,2,5.19,2305.25万,1.20亿,24.39亿,25.41
391,2920,德赛西威,142.7,4.41,6.03,-0.13,0.5,0.99,5.53,3.88亿,5.50亿,784.64亿,65.25
392,837748,路桥信息,9.94,4.41,0.42,0,15.31,0.85,7.88,2045.96万,1343.60万,1.34亿,亏损
393,688010,福光股份,21.55,4.41,0.91,0.05,0.68,1.19,5.52,2292.90万,1.61亿,34.60亿,亏损
394,603500,祥和实业,11.85,4.41,0.5,0,0.69,1.59,4.76,1949.35万,2.42亿,28.68亿,44.05
395,301001,凯淳股份,26.08,4.4,1.1,0,4.89,1.99,5.44,4332.78万,3440.00万,8.97亿,亏损
396,603015,弘讯科技,8.54,4.4,0.36,0.12,1.18,1.28,5.26,4000.49万,4.04亿,34.52亿,66.55
397,688577,浙海德曼,42,4.4,1.77,0,1.81,2.98,6.31,2449.13万,3240.16万,13.61亿,60.17
398,300559,佳发教育,14.24,4.4,0.6,0.28,1.65,1.32,5.87,7209.31万,3.11亿,44.31亿,32.24
399,688286,敏芯股份,51.55,4.39,2.17,0,1.3,1.21,6.46,2831.05万,4310.96万,22.22亿,亏损
400,688589,力合微,38.97,4.39,1.64,0.03,1.67,1.32,5.49,5506.15万,8633.89万,33.65亿,38.73
401,688369,致远互联,43.04,4.39,1.81,0.14,0.88,1.19,4.9,4314.82万,1.15亿,49.56亿,120.89
402,688159,有方科技,37.6,4.39,1.58,0.8,1.11,0.93,5.39,3721.09万,9167.95万,34.47亿,亏损
403,603529,XD爱玛科,29.31,4.38,1.23,0,2.17,2.23,4.95,1.40亿,2.24亿,65.52亿,14.12
404,870976,视声智能,9.55,4.37,0.4,0,6.77,0.84,7.76,1017.82万,1587.40万,1.52亿,15.07
405,301199,迈赫股份,25.8,4.37,1.08,0.08,3.25,1.38,4.89,3832.04万,4634.00万,11.96亿,123.82
406,603277,银都股份,28.48,4.36,1.19,0.07,0.62,1.94,6.3,7302.72万,4.17亿,118.87亿,22.26
407,300365,恒华科技,6.94,4.36,0.29,0.29,3.94,2.73,6.32,1.24亿,4.57亿,31.73亿,222.98
408,688678,福立旺,18.68,4.36,0.78,0.11,1.56,1.16,4.64,2605.83万,9078.18万,16.96亿,67.58
409,688020,方邦股份,44.36,4.35,1.85,0.16,0.43,1.08,5.55,1490.26万,8021.05万,35.58亿,亏损
410,300419,浩丰科技,7.2,4.35,0.3,0.14,4.94,1.62,5.36,1.28亿,3.68亿,26.48亿,148.86
411,2253,川大智胜,13.21,4.34,0.55,0.08,2.16,1.54,5.37,5842.22万,2.08亿,27.46亿,亏损
412,300556,丝路视觉,23.06,4.34,0.96,0.04,5.18,1.3,5.61,1.20亿,1.01亿,23.37亿,亏损
413,301162,国能日新,57.68,4.34,2.4,0.19,2.22,0.63,5.32,7696.77万,6055.99万,34.93亿,86.35
414,688515,裕太微-U,121.06,4.33,5.03,0.05,5.25,1.1,6.72,1.21亿,1934.78万,23.42亿,亏损
415,300853,申昊科技,23.61,4.33,0.98,0,2.39,1.47,5.17,5850.02万,1.05亿,24.90亿,70.6
416,601811,新华文轩,13.5,4.33,0.56,-0.07,0.51,1.68,5.33,5417.23万,7.92亿,106.91亿,10.93
417,2475,立讯精密,30.15,4.33,1.25,0,0.87,1.57,5.33,18.46亿,71.20亿,2146.73亿,24.68
418,300648,星云股份,24.65,4.32,1.02,0.12,1.74,1.31,5.29,4149.58万,9799.63万,24.16亿,亏损
419,3010,若羽臣,20.54,4.32,0.85,0.1,5.05,1.37,5.94,7408.94万,7227.85万,14.85亿,55.66
420,301229,纽泰格,35.29,4.32,1.46,-0.03,9.73,1.09,6.03,1.14亿,3339.57万,11.79亿,45.4
421,300113,顺网科技,13.31,4.31,0.55,0.08,2.37,2.21,5.49,1.65亿,5.29亿,70.39亿,74.6
422,300892,品渥食品,25.66,4.31,1.06,0.23,11.33,1.25,6.46,7765.01万,2693.27万,6.91亿,亏损
423,603660,苏州科达,6.31,4.3,0.26,0.16,1.61,1.4,4.46,4953.88万,4.94亿,31.19亿,亏损
424,2858,力盛体育,17,4.29,0.7,0.18,4.56,1.36,5.03,1.12亿,1.46亿,24.82亿,114.07
425,688388,嘉元科技,21.14,4.29,0.87,0.14,1.06,1.47,5.23,9072.58万,4.12亿,87.06亿,212.06
426,300817,双飞股份,15.55,4.29,0.64,0,3.75,0.98,4.9,5712.45万,9936.69万,15.45亿,48.44
427,300590,移为通信,11.43,4.29,0.47,0,2.75,1.59,5.38,1.07亿,3.46亿,39.52亿,42.29
428,832491,奥迪威,12.9,4.29,0.53,0,1.5,0.97,5.58,2136.32万,1.12亿,14.42亿,22
429,603895,天永智能,24.1,4.28,0.99,0.42,0.55,2.64,4.98,1404.10万,1.08亿,26.05亿,234.72
430,2803,吉宏股份,17.3,4.28,0.71,0.06,2.6,1.54,5.24,1.26亿,2.84亿,49.22亿,17.28
431,2491,通鼎互联,6.1,4.27,0.25,0,1.79,1.77,4.27,1.27亿,11.76亿,71.76亿,16.15
432,301231,荣信文化,28.57,4.27,1.17,0,7.7,1.88,5.33,1.18亿,5390.00万,15.40亿,189.65
433,688395,正弦电气,23.2,4.27,0.95,0.09,1.98,0.96,5.3,1762.05万,3908.35万,9.07亿,29.23
434,300813,泰林生物,25.16,4.27,1.03,-0.04,2.06,1.54,5.88,2993.68万,5879.93万,14.79亿,58.95
435,605286,同力日升,24.68,4.27,1.01,0.08,7.28,2.93,5.79,8560.98万,4800.00万,11.85亿,29.56
436,2615,哈尔斯,6.6,4.26,0.27,0.15,3.88,1.86,5.84,7273.79万,2.86亿,18.90亿,33.81
437,300907,康平科技,22.74,4.26,0.93,0,5.07,2.27,4.36,4212.51万,3695.89万,8.40亿,38.64
438,2452,长高电新,6.86,4.25,0.28,0,1.6,2.26,5.01,5573.39万,5.16亿,35.39亿,25.03
439,300976,达瑞电子,46.29,4.23,1.88,0.17,1.07,1.25,4.73,1810.57万,3725.07万,17.24亿,124.53
440,605098,行动教育,39.9,4.23,1.62,-0.15,2.5,1.49,4.42,4322.64万,4395.59万,17.54亿,22.35
441,2197,证通电子,10.1,4.23,0.41,-0.1,4.14,2.83,5.37,2.20亿,5.34亿,53.97亿,136.81
442,603416,信捷电气,39.91,4.23,1.62,0.13,2.19,1.92,5.04,1.22亿,1.41亿,56.10亿,26.97
443,300836,佰奥智能,26.62,4.23,1.08,0.15,2.33,1.19,4.58,2610.45万,4267.69万,11.36亿,193.74
444,301266,宇邦新材,48.34,4.23,1.96,0.19,3.94,0.93,5.43,7056.08万,3750.00万,18.13亿,34.48
445,300793,佳禾智能,17.77,4.22,0.72,-0.06,3.89,1.74,6.51,2.22亿,3.30亿,58.63亿,32.44
446,688558,国盛智科,30.17,4.21,1.22,0,0.34,1.22,4.39,1337.47万,1.32亿,39.82亿,23.61
447,301281,科源制药,41.56,4.21,1.68,0,27.47,0.73,6.97,2.87亿,2569.12万,10.68亿,43.95
448,2436,兴森科技,12.13,4.21,0.49,0.08,1.76,1.36,5.24,3.16亿,15.00亿,181.99亿,567.46
449,301016,雷尔伟,22.54,4.21,0.91,0,5.2,0.86,4.76,3465.07万,3000.00万,6.76亿,72.81
450,688328,深科达,24.04,4.21,0.97,-0.04,4.96,1.15,6.24,5616.03万,4810.84万,11.57亿,亏损
451,300674,宇信科技,17.1,4.21,0.69,0,2.98,1.89,2.86,3.54亿,7.03亿,120.25亿,36.9
452,603918,金桥信息,24.32,4.2,0.98,-0.08,10.16,1.73,6.21,8.98亿,3.66亿,89.06亿,235.4
453,603163,圣晖集成,33.09,4.19,1.33,-0.03,6,0.92,5.1,4893.09万,2500.00万,8.27亿,21.47
454,300822,贝仕达克,13.69,4.19,0.55,0.22,1.02,1.57,5.1,3042.29万,2.22亿,30.44亿,49.21
455,300192,科德教育,9.46,4.18,0.38,0,4.01,1.22,5.07,8316.49万,2.22亿,21.01亿,26.99
456,688401,路维光电,30.88,4.18,1.24,-0.07,3.76,1.26,5.7,1.30亿,1.13亿,35.02亿,42.26
457,688049,炬芯科技,32.37,4.18,1.3,0.22,2.41,1.43,6.89,6849.11万,8966.54万,29.02亿,79.93
458,688718,唯赛勃,15.94,4.18,0.64,0.13,2.26,1.61,4.9,1997.86万,5662.03万,9.03亿,60.44
459,600503,华丽家族,2.74,4.18,0.11,0,4.33,5.62,8.37,1.90亿,16.02亿,43.90亿,亏损
460,300720,海川智能,13.22,4.18,0.53,0.08,2.07,1.83,6.3,4644.53万,1.73亿,22.91亿,76.8
461,688556,高测股份,43.51,4.17,1.74,0.05,1.36,1.49,5.7,1.88亿,3.21亿,139.61亿,10.33
462,300529,健帆生物,23.01,4.17,0.92,0.13,1.45,1.46,5.52,1.68亿,5.13亿,117.93亿,33.48
463,300112,万讯自控,10.51,4.16,0.42,-0.1,8.9,2.18,6.34,2.06亿,2.22亿,23.31亿,39.93
464,300770,新媒股份,37.57,4.16,1.5,0,1.14,1.78,4.66,9798.57万,2.31亿,86.81亿,13.18
465,300882,万胜智能,22.05,4.16,0.88,0.18,1.45,1.24,4.72,5984.39万,1.90亿,41.95亿,23.92
466,300389,艾比森,15.54,4.16,0.62,0.26,1.25,1.4,4.49,4368.42万,2.29亿,35.62亿,19.77
467,2527,新时达,12.04,4.15,0.48,0,8.31,1.32,5.88,5.20亿,5.25亿,63.27亿,32.23
468,603927,中科软,33.38,4.15,1.33,0,0.69,1.58,4.84,1.34亿,5.94亿,198.14亿,47.31
469,300768,迪普科技,15.31,4.15,0.61,0.26,0.87,1.73,4.97,4952.78万,3.76亿,57.49亿,125.05
470,301086,鸿富瀚,44.47,4.14,1.77,0.05,1.36,1.5,4.54,1946.33万,3249.68万,14.45亿,34.13
471,688092,爱科科技,30.94,4.14,1.23,0.32,3.92,1.22,4.98,3227.69万,2697.75万,8.35亿,29.92
472,2955,鸿合科技,24.92,4.14,0.99,-0.04,4.09,1.5,5.22,1.89亿,1.86亿,46.45亿,20.47
473,688171,纬德信息,22.91,4.14,0.91,0.26,1.39,1.42,4.27,1490.29万,4756.09万,10.90亿,118.53
474,300459,汤姆猫,5.04,4.13,0.2,0,5.11,2.51,5.37,7.79亿,30.61亿,154.29亿,47.43
475,300315,掌趣科技,4.79,4.13,0.19,0,4.51,2.29,5.22,5.57亿,26.08亿,124.91亿,42.6
476,2558,巨人网络,12.61,4.13,0.5,0,2.58,2.14,5.7,6.44亿,20.05亿,252.82亿,19.05
477,688078,龙软科技,43.89,4.13,1.74,0.21,0.58,0.95,5.17,1799.29万,7204.90万,31.62亿,41.45
478,2609,捷顺科技,10.85,4.13,0.43,0.28,1.18,1.63,5.09,5746.92万,4.56亿,49.51亿,117.18
479,2835,同为股份,16.66,4.12,0.66,0.06,2.96,1.38,4.81,6175.64万,1.27亿,21.21亿,35.64
480,601801,皖新传媒,7.32,4.12,0.29,0.41,0.83,1.48,5.12,1.20亿,19.89亿,145.61亿,10.06
481,603258,电魂网络,29.1,4.12,1.15,0.03,5.45,1.78,7.44,3.87亿,2.45亿,71.23亿,41.09
482,688179,阿拉丁,18.73,4.11,0.74,0.21,2.21,0.82,4.84,4187.63万,1.03亿,19.34亿,60.02
483,300148,天舟文化,4.05,4.11,0.16,0.25,4.3,2.19,4.63,1.36亿,7.90亿,32.01亿,991.44
484,300462,华铭智能,10.89,4.11,0.43,0.28,2.64,1.38,4.3,3870.25万,1.37亿,14.87亿,亏损
485,300467,迅游科技,14.19,4.11,0.56,-0.07,4.85,1.66,5.43,1.12亿,1.66亿,23.53亿,62.87
486,603181,皇马科技,11.15,4.11,0.44,0,0.56,1.72,3.92,3647.29万,5.89亿,65.64亿,21.86
487,688232,新点软件,38.31,4.1,1.51,0.05,1.32,1.58,5.22,4824.84万,9705.04万,37.18亿,亏损
488,300549,优德精密,21.32,4.1,0.84,-0.14,3.97,1.21,5.62,8426.70万,1.01亿,21.54亿,130.38
489,688789,宏华数科,91.1,4.1,3.59,0,0.86,1.17,4.76,5448.11万,7091.69万,64.61亿,37.12
490,300488,恒锋工具,22.6,4.1,0.89,-0.04,1.45,0.79,5.3,4408.30万,1.37亿,30.89亿,30.91
491,301002,崧盛股份,19.57,4.1,0.77,0.05,2.07,1.78,4.31,2324.68万,5825.08万,11.40亿,90.91
492,300374,中铁装配,15.26,4.09,0.6,-0.13,5.05,0.84,7.16,1.44亿,1.89亿,28.88亿,亏损
493,300235,方直科技,10.19,4.09,0.4,0.1,3.33,1.92,4.8,6785.63万,2.03亿,20.70亿,98.6
494,688343,云天励飞-U,45.86,4.08,1.8,0.13,3.92,1.6,4.65,1.32亿,7453.10万,34.18亿,亏损
495,301328,维峰电子,50.48,4.08,1.98,0.18,2.23,1.13,7.07,3046.71万,2747.71万,13.87亿,37.17
496,300109,新开源,19.89,4.08,0.78,0,1.26,1.3,5.02,6972.94万,2.85亿,56.72亿,12.24
497,301419,阿莱德,42.58,4.08,1.67,-0.02,24.09,0.67,6.67,2.53亿,2500.00万,10.64亿,54.01
498,300785,值得买,21.68,4.08,0.85,0.05,5.65,1.86,5.04,1.38亿,1.14亿,24.67亿,76.53
499,300059,东方财富,15.56,4.08,0.61,0,2.13,2.17,4.75,43.85亿,134.31亿,2089.82亿,29.2
500,300571,平治信息,35.28,4.07,1.38,0,2.5,1.93,5.37,1.00亿,1.16亿,40.79亿,139.21
501,300182,捷成股份,5.12,4.07,0.2,0,3.01,1.93,4.88,3.36亿,22.12亿,113.27亿,19.16
502,300242,佳云科技,3.33,4.06,0.13,0.3,2.5,1.97,4.69,5175.13万,6.30亿,20.96亿,亏损
503,688226,威腾电气,16.65,4.06,0.65,0.12,2.66,1.06,4.88,3696.67万,8426.20万,14.03亿,33.72
504,301028,东亚机械,10.76,4.06,0.42,0.19,2.32,1.48,4.55,2649.02万,1.08亿,11.63亿,22.48
505,300712,永福股份,31.52,4.06,1.23,0.03,1.45,1.58,5.55,8422.23万,1.87亿,58.94亿,122.35
506,600030,中信证券,22.61,4.05,0.88,0,1.12,2.36,4.51,28.46亿,113.67亿,2570.01亿,14.82
507,938,紫光股份,25.2,4.05,0.98,0.08,1.76,2.04,5.9,12.54亿,28.60亿,720.74亿,35.26
508,300451,创业慧康,6.69,4.04,0.26,0.15,1.36,1.26,4.67,1.22亿,13.57亿,90.81亿,215.84
509,688489,三未信安,47.85,4.04,1.86,0,5.77,1.68,5.65,6860.27万,2515.36万,12.04亿,268.74
510,688428,诺诚健华-U,10.04,4.04,0.39,0.1,1.99,1.02,5.7,5021.64万,2.57亿,25.77亿,亏损
511,688038,中科通达,13.65,4.04,0.53,0.15,3.09,1.68,4.34,3380.37万,8141.22万,11.11亿,亏损
512,688400,凌云光,24.23,4.04,0.94,0.04,3.57,2.33,4.94,1.61亿,1.89亿,45.82亿,61.7
513,300456,赛微电子,22.44,4.03,0.87,0.45,5.44,1.22,4.13,7.01亿,5.84亿,131.06亿,亏损
514,300370,安控科技,2.58,4.03,0.1,0.39,1.63,1.97,4.84,4649.43万,11.24亿,28.99亿,亏损
515,2979,雷赛智能,18.58,4.03,0.72,0,1.11,1.21,4.93,4345.27万,2.15亿,39.93亿,38.14
516,605068,明新旭腾,27.72,4.01,1.07,0.04,3,1.08,5.44,4292.49万,5264.00万,14.59亿,135.23
517,300621,维业股份,10.37,4.01,0.4,0.1,1.3,1.02,4.71,2608.92万,1.96亿,20.33亿,250.62
518,300447,全信股份,15.82,4.01,0.61,0.06,1.74,1.3,4.41,5464.76万,2.01亿,31.81亿,25.41
519,2415,海康威视,33.2,4.01,1.28,0,0.33,1.26,4.54,9.93亿,91.08亿,3024.00亿,29.02
520,688125,安达智能,38.93,4.01,1.5,-0.03,4.05,2.19,4.46,3148.18万,2041.39万,7.95亿,50.95
521,688506,百利天恒-U,98.61,4.01,3.8,0.11,1.71,1.08,6.43,5759.61万,3487.31万,34.39亿,亏损
522,300199,翰宇药业,14.03,4,0.54,0.07,29.25,1.67,10.45,26.84亿,6.66亿,93.44亿,亏损
523,688109,品茗科技,25.73,4,0.99,0.2,3.33,1.6,4.77,3277.49万,3869.17万,9.96亿,亏损
524,688072,拓荆科技,323.66,4,12.45,-0.13,1.87,1.14,5.78,4.08亿,6870.02万,222.35亿,164.31
525,300292,吴通控股,3.64,4,0.14,0,2.28,1.28,4.57,9108.53万,11.16亿,40.62亿,80.12
526,600520,文一科技,13.82,3.99,0.53,0,9.21,0.68,6.77,2.00亿,1.58亿,21.90亿,160.25
527,301382,蜂助手,40.24,3.98,1.54,0.1,13.43,1.22,4.86,1.92亿,3618.66万,14.56亿,54.37
528,300790,宇瞳光学,14.12,3.98,0.54,-0.07,1.99,1.93,5.01,6857.70万,2.48亿,34.96亿,87.96
529,600602,云赛智联,13.88,3.97,0.53,0,4.35,1.54,5.39,6.44亿,10.74亿,149.11亿,102.29
530,600378,昊华科技,34.35,3.96,1.31,0.38,0.21,1.33,4.21,6335.63万,9.04亿,310.51亿,31.14
531,688521,芯原股份,62.18,3.96,2.37,-0.1,0.57,0.92,4.88,1.71亿,4.87亿,302.59亿,701.33
532,301299,卓创资讯,68.5,3.96,2.61,0,20.65,1.84,6.42,2.13亿,1500.00万,10.28亿,72.15
533,301362,民爆光电,44.74,3.95,1.7,0.02,6.99,1.55,5.97,7454.65万,2402.09万,10.75亿,19.87
534,2896,中大力德,37.73,3.94,1.43,0,16.08,2.27,6.36,9.01亿,1.51亿,57.04亿,85.71
535,601390,中国中铁,6.86,3.94,0.26,0,0.68,1.84,4.39,9.35亿,203.64亿,1396.94亿,5.23
536,300084,海默科技,7.13,3.94,0.27,0.14,4.82,1.23,4.81,1.11亿,3.29亿,23.47亿,亏损
537,688191,智洋创新,18.76,3.93,0.71,0.05,3.69,0.82,4.54,5008.93万,7316.45万,13.73亿,60.99
538,600601,方正科技,3.17,3.93,0.12,0.32,0.97,1.5,3.93,1.27亿,41.70亿,132.20亿,137.57
539,688211,中科微至,37.53,3.93,1.42,-0.05,1.18,2.18,4.99,2799.59万,6401.87万,24.03亿,41.32
540,300939,秋田微,35.16,3.93,1.33,0,7.42,0.61,5.88,1.69亿,6589.20万,23.17亿,30.42
541,2947,恒铭达,19.33,3.92,0.73,0,1.85,2.22,4.95,5646.02万,1.61亿,31.08亿,23.5
542,301448,开创电气,31.25,3.92,1.18,-0.1,8.3,1.41,5.62,5121.16万,2000.00万,6.25亿,46.53
543,301316,慧博云通,33.38,3.92,1.26,0,27.1,1.36,6.1,3.28亿,3665.47万,12.24亿,184.58
544,301533,威马农机,43.49,3.92,1.64,-0.02,9.34,1.42,5.23,8696.59万,2163.70万,9.41亿,59.11
545,2396,星网锐捷,19.63,3.92,0.74,0.05,1.65,2.13,3.87,1.87亿,5.83亿,114.50亿,29.35
546,300207,欣旺达,15.66,3.92,0.59,0,1.15,1.48,4.91,3.06亿,17.28亿,270.63亿,33.26
547,300383,光环新网,9.82,3.92,0.37,0,1.26,1.69,4.76,2.19亿,17.94亿,176.15亿,34.9
548,688599,天合光能,30.27,3.91,1.14,-0.1,0.73,1.82,4.7,4.74亿,21.74亿,657.94亿,9.29
549,688551,科威尔,52.84,3.91,1.99,-0.15,0.6,1.21,5.05,1667.78万,5315.05万,28.08亿,42.29
550,603288,海天味业,39.3,3.91,1.48,0.03,0.29,1.59,4.5,6.21亿,55.61亿,2185.32亿,35.29
551,688143,长盈通,34.8,3.91,1.31,-0.14,2.13,0.73,6.03,1890.83万,2607.64万,9.07亿,144.21
552,301102,兆讯传媒,20.74,3.91,0.78,-0.05,2.26,1.47,5.16,3283.43万,7113.65万,14.75亿,43.65
553,601360,三六零,10.11,3.9,0.38,0.1,1.86,1.91,4.73,13.25亿,71.45亿,722.40亿,亏损
554,2331,皖通科技,6.93,3.9,0.26,0.15,1.87,1.42,4.65,4996.06万,3.89亿,26.99亿,亏损
555,301446,福事特,33.33,3.9,1.25,0,5.92,1.77,6.14,3916.57万,2000.00万,6.67亿,32.09
556,688262,国芯科技,29.63,3.89,1.11,-0.03,1.64,1.06,5.5,1.25亿,2.62亿,77.58亿,亏损
557,301180,万祥科技,16.29,3.89,0.61,0,2.3,1.19,4.85,2136.32万,5786.60万,9.43亿,140.17
558,688039,当虹科技,31.79,3.89,1.19,0.16,3.11,0.99,5.56,1.09亿,1.12亿,35.58亿,亏损
559,2624,完美世界,13.1,3.89,0.49,0,2.01,1.97,4.76,4.76亿,18.27亿,239.38亿,33.45
560,997,新 大 陆,18.72,3.88,0.7,0.05,0.73,1.17,4.27,1.39亿,10.26亿,192.13亿,17.11
561,301110,青木股份,47.66,3.88,1.78,-0.08,4.13,1.67,4.93,7009.72万,3592.50万,17.12亿,38.46
562,2090,金智科技,10.18,3.88,0.38,-0.1,1.7,0.98,4.59,6835.20万,4.00亿,40.69亿,113.47
563,2174,游族网络,11.53,3.87,0.43,0.09,3.02,1.7,4.68,3.14亿,9.14亿,105.36亿,亏损
564,300916,朗特智能,26.58,3.87,0.99,-0.08,2.7,1.14,4.49,2964.59万,4193.83万,11.15亿,62.44
565,836,富通信息,2.69,3.86,0.1,0.37,2.61,1.71,4.63,8358.39万,12.08亿,32.51亿,亏损
566,300516,久之洋,30.14,3.86,1.12,0.03,0.97,1.5,4.89,5163.59万,1.80亿,54.25亿,157.36
567,2664,信质集团,14.81,3.86,0.55,0.07,2.01,1.3,8.91,1.17亿,3.98亿,59.01亿,31.61
568,688114,华大智造,68.48,3.85,2.54,0.71,0.79,0.8,4.5,1.13亿,2.12亿,145.03亿,亏损
569,2897,意华股份,34.52,3.85,1.28,0.03,3.36,0.93,5.69,1.87亿,1.63亿,56.35亿,44.49
570,603721,中广天择,16.72,3.85,0.62,0.12,2.16,1.52,5.09,4632.06万,1.30亿,21.74亿,亏损
571,300205,天喻信息,12.14,3.85,0.45,0.08,0.96,1.41,4.19,4870.52万,4.25亿,51.55亿,84.9
572,300860,锋尚文化,55.41,3.84,2.05,0,2.43,1.15,5.83,6651.06万,4964.34万,27.51亿,10364.25
573,603093,南华期货,13.26,3.84,0.49,0.23,0.65,1.26,5.17,5207.28万,6.10亿,80.89亿,24.02
574,2643,万润股份,17.59,3.84,0.65,-0.06,0.75,1.83,4.9,1.17亿,8.96亿,157.58亿,21.01
575,2757,南兴股份,14.08,3.83,0.52,-0.07,2.56,1.87,4.94,1.01亿,2.82亿,39.71亿,12.88
576,300122,智飞生物,49.03,3.83,1.81,0,1.42,1.48,5.59,9.75亿,14.21亿,696.48亿,13.81
577,300805,电声股份,8.14,3.83,0.3,0,3.6,0.99,5.1,8308.54万,2.87亿,23.37亿,77.68
578,300995,奇德新材,22.26,3.83,0.82,0,3.48,1.1,4.48,2221.62万,2911.00万,6.48亿,261.01
579,300956,英力股份,17.11,3.82,0.63,-0.06,3.38,1.68,4,3252.55万,5700.48万,9.75亿,亏损
580,688579,山大地纬,12.5,3.82,0.46,0.08,1.86,1.15,5.57,9146.85万,4.00亿,50.00亿,123.75
581,300656,民德电子,25.54,3.82,0.94,0,0.71,1.03,4.63,2261.59万,1.27亿,32.37亿,161.14
582,300557,理工光科,36.43,3.82,1.34,0,1.07,1.08,4.73,2494.70万,6495.30万,23.66亿,90.42
583,688141,杰华特,31.3,3.81,1.15,0.71,2.04,1.04,5.61,3277.34万,5230.65万,16.37亿,亏损
584,301380,挖金客,50.9,3.81,1.87,-0.02,10.56,1.62,5.1,9024.91万,1700.00万,8.65亿,76.44
585,603296,华勤技术,70.5,3.81,2.59,0,4.92,2.91,4.83,2.05亿,5945.80万,41.92亿,19.92
586,300884,狄耐克,11.99,3.81,0.44,0.08,3.06,1.11,4.67,5123.27万,1.41亿,16.95亿,29.79
587,300024,机器人,12.27,3.81,0.45,0.16,1.9,1.57,4.32,3.49亿,15.18亿,186.29亿,亏损
588,301337,亚华电子,31.91,3.81,1.17,-0.06,7.11,1.34,4.42,5507.58万,2470.55万,7.88亿,109.03
589,2401,中远海科,19.39,3.8,0.71,0,3.11,1.52,4.76,2.20亿,3.68亿,71.33亿,32.13
590,301270,汉仪股份,38.01,3.8,1.39,-0.03,6.74,1.25,4.92,1.87亿,7406.16万,28.15亿,72.51
591,601318,中国平安,50.33,3.79,1.84,0.16,0.62,1.86,4.04,32.82亿,107.63亿,5416.85亿,6.56
592,300578,会畅通讯,18.89,3.79,0.69,0.05,1.34,1.16,4.01,4843.64万,1.94亿,36.67亿,1182.14
593,688656,浩欧博,38.08,3.79,1.39,0.24,2.67,1.31,4.17,1804.41万,1805.83万,6.88亿,55.66
594,300479,神思电子,20.55,3.79,0.75,0,12.18,1.7,8.33,4.79亿,1.97亿,40.49亿,亏损
595,300445,康斯特,15.62,3.79,0.57,0,1.09,1.24,4.32,2321.29万,1.38亿,21.59亿,39.64
596,300302,同有科技,12.08,3.78,0.44,0,4.3,1.19,5.33,1.88亿,3.67亿,44.31亿,亏损
597,2261,拓维信息,18.99,3.77,0.69,0.05,22.15,1.54,7.32,46.36亿,11.21亿,212.97亿,205.92
598,688121,卓然股份,23.68,3.77,0.86,0.13,1.28,1.04,6.35,4261.30万,1.42亿,33.53亿,40.37
599,688707,振华新材,23.96,3.77,0.87,0.13,0.71,1.31,4.37,4725.98万,2.83亿,67.85亿,亏损
600,2975,博杰股份,34.71,3.77,1.26,0.03,1.52,1.3,4.69,3700.53万,7143.55万,24.80亿,279.58
601,2993,奥海科技,36.94,3.76,1.34,0.03,1.18,1.78,4.63,1.02亿,2.38亿,87.88亿,23.7
602,688001,华兴源创,30.61,3.76,1.11,0,0.3,1.54,4.14,4016.39万,4.41亿,134.87亿,51.68
603,300286,安科瑞,27.62,3.76,1,0.15,0.75,0.97,4.47,3572.98万,1.75亿,48.25亿,29.52
604,688209,英集芯,16.02,3.76,0.58,0.13,0.56,1.04,4.47,2525.54万,2.84亿,45.51亿,1616.36
605,603636,南威软件,12.16,3.75,0.44,0,1.31,1.47,4.69,9302.43万,5.91亿,71.84亿,亏损
606,2621,美吉姆,3.32,3.75,0.12,0,1.53,1.41,4.38,4022.59万,8.02亿,26.64亿,亏损
607,2254,泰和新材,16.9,3.75,0.61,0.06,2.32,0.86,4.67,2.14亿,5.54亿,93.67亿,33.95
608,600229,城市传媒,7.48,3.75,0.27,0,0.93,1.38,4.16,4594.38万,6.71亿,50.21亿,12.05
609,601555,东吴证券,8.59,3.74,0.31,0.12,1.92,1.9,4.59,8.16亿,50.08亿,430.14亿,15.48
610,603000,人民网,34.39,3.74,1.24,-0.03,5.41,1,5.28,20.34亿,11.06亿,380.25亿,269.81
611,300733,西菱动力,11.65,3.74,0.42,0.09,1.06,0.69,4.27,2745.26万,2.24亿,26.15亿,亏损
612,600880,博瑞传播,5.27,3.74,0.19,-0.19,1.52,2.52,4.72,8682.76万,10.93亿,57.60亿,214.5
613,603090,宏盛股份,21.09,3.74,0.76,0.14,0.99,1.25,3.84,2051.66万,1.00亿,21.09亿,27.32
614,2117,东港股份,8.88,3.74,0.32,0.11,1.64,1.27,4.44,7813.98万,5.45亿,48.44亿,27.48
615,688419,耐科装备,36.1,3.74,1.3,0,3.64,1.02,4.51,2516.09万,1947.50万,7.03亿,64.27
616,688536,思瑞浦,196.3,3.74,7.07,0.07,0.68,0.8,5.08,1.38亿,1.06亿,207.37亿,837.41
617,688060,云涌科技,49.79,3.73,1.79,-0.02,0.62,0.92,5.1,1063.32万,3484.61万,17.35亿,227.08
618,688518,联赢激光,23.4,3.72,0.84,0,1.29,1.2,4.34,9182.96万,3.08亿,72.01亿,19.92
619,300253,卫宁健康,7.25,3.72,0.26,0,1.62,1.48,4.43,2.14亿,18.49亿,134.06亿,469.25
620,300133,华策影视,5.86,3.72,0.21,0.17,1.57,1.5,4.42,1.47亿,16.28亿,95.42亿,23.16
621,688282,理工导航,46.61,3.72,1.67,0.02,2.16,1.73,5.96,3531.53万,3564.00万,16.61亿,142.85
622,600185,格力地产,6.14,3.72,0.22,0.16,1.41,1.04,4.9,1.61亿,18.85亿,115.74亿,亏损
623,603228,景旺电子,21.8,3.71,0.78,0,0.63,1.88,4.47,1.14亿,8.42亿,183.53亿,22.72
624,688165,埃夫特-U,10.34,3.71,0.37,0.1,1.06,1.42,3.21,5621.36万,5.21亿,53.84亿,亏损
625,301399,英特科技,44.46,3.71,1.59,-0.07,5.64,1.48,4.13,5178.27万,2086.43万,9.28亿,48.83
626,2877,智能自控,9.79,3.71,0.35,0,2.98,1.21,4.34,6003.05万,2.08亿,20.41亿,40.32
627,603186,华正新材,31.33,3.71,1.12,0,1.46,0.74,4.14,6409.43万,1.42亿,44.46亿,亏损
628,605598,上海港湾,28.83,3.71,1.03,0.28,2.61,1.56,4.78,5459.25万,7370.08万,21.25亿,33.39
629,603127,昭衍新药,23.52,3.7,0.84,0.09,0.91,1.02,4.37,1.33亿,6.30亿,148.29亿,97.31
630,300831,派瑞股份,11.77,3.7,0.42,0,1.42,1.13,4.14,3033.55万,1.84亿,21.71亿,252.9
631,300738,奥飞数据,9.25,3.7,0.33,0,1.71,1.44,4.71,1.29亿,8.21亿,75.97亿,60.03
632,2649,博彦科技,12.06,3.7,0.43,0.08,2.55,1.33,4.99,1.68亿,5.53亿,66.68亿,25.88
633,688611,杭州柯林,32.84,3.69,1.17,0.09,1.58,1.11,4.61,1001.36万,1956.50万,6.43亿,62.07
634,688152,麒麟信安,80.09,3.69,2.85,0,6.89,0.87,4.89,9633.71万,1763.91万,14.13亿,亏损
635,300226,上海钢联,29.52,3.69,1.05,0.03,4.11,1.4,4.85,3.71亿,3.10亿,91.37亿,39.93
636,301013,利和兴,17.16,3.69,0.61,0.23,17.99,1.1,9,4.96亿,1.66亿,28.55亿,亏损
637,301156,美农生物,18.58,3.68,0.66,-0.05,4.52,1.33,3.63,3913.28万,4703.41万,8.74亿,41.47
638,603267,鸿远电子,66.15,3.68,2.35,0,1.58,1.2,5.24,2.37亿,2.32亿,153.37亿,34.45
639,300532,今天国际,18.32,3.68,0.65,0,2.56,1.13,4.36,8633.08万,1.87亿,34.17亿,13.23
640,300668,杰恩设计,20.02,3.68,0.71,0.25,3.27,1.6,6.84,5045.64万,7884.63万,15.79亿,39.56
641,2229,鸿博股份,38.17,3.67,1.35,0,13.38,1.23,7.01,25.01亿,4.93亿,188.24亿,亏损
642,300852,四会富仕,39.02,3.67,1.38,-0.03,1.43,1.4,4.09,5631.97万,1.02亿,39.77亿,20.01
643,300923,研奥股份,24.6,3.67,0.87,0,3.81,1.39,4.59,3219.87万,3476.00万,8.55亿,71.48
644,801,四川九洲,7.64,3.66,0.27,0,3.1,0.83,4.61,2.39亿,10.23亿,78.14亿,45.69
645,2063,远光软件,6.23,3.66,0.22,0.16,1.16,1.58,5.16,1.25亿,17.55亿,109.31亿,66.13
646,601881,中国银河,11.33,3.66,0.4,0.27,0.93,2.02,3.84,7.18亿,68.61亿,777.37亿,12.1
647,2938,鹏鼎控股,20.68,3.66,0.73,0.1,0.51,1.28,3.86,2.36亿,22.78亿,471.11亿,29.55
648,600775,南京熊猫,8.79,3.66,0.31,0.34,0.9,1.59,4.6,5233.07万,6.72亿,59.05亿,亏损
649,688347,华虹公司,47.37,3.65,1.67,0.02,7.04,1.63,4.53,3.41亿,1.04亿,49.25亿,25.59
650,600446,金证股份,12.78,3.65,0.45,0.16,2.01,1.67,4.54,2.38亿,9.41亿,120.24亿,91.64
651,688356,键凯科技,95.48,3.65,3.36,0.15,0.82,1.02,4.86,3402.65万,4456.51万,42.55亿,42.16
652,688630,芯碁微装,65.93,3.65,2.32,0.14,2.07,0.56,5.06,9324.08万,6971.44万,45.96亿,59.61
653,688403,汇成股份,9.95,3.65,0.35,0.1,1.4,1.07,4.17,5857.30万,4.26亿,42.38亿,50.62
654,2868,绿康生化,27.3,3.65,0.96,-0.22,0.89,1.57,3.53,3655.07万,1.53亿,41.71亿,亏损
655,2152,广电运通,12.23,3.64,0.43,-0.08,0.85,1.83,3.81,2.55亿,24.82亿,303.56亿,32.06
656,600721,百花医药,7.4,3.64,0.26,0.27,6.61,2.12,7.98,1.83亿,3.78亿,27.99亿,107.65
657,300017,网宿科技,6.55,3.64,0.23,0,2.08,1.61,3.96,3.06亿,22.74亿,148.98亿,30.92
658,300523,辰安科技,21.95,3.64,0.77,0,1.26,2.11,3.68,6364.76万,2.32亿,51.00亿,72.82
659,301369,联动科技,64.7,3.64,2.27,-0.05,4.59,1.28,3.84,7131.90万,2426.28万,15.70亿,119.71
660,2805,丰元股份,15.97,3.63,0.56,0,4.02,1.92,9.28,1.37亿,2.16亿,34.42亿,亏损
661,601099,太平洋,4,3.63,0.14,0.25,12.44,2.38,3.63,33.69亿,68.16亿,272.65亿,64.97
662,688238,和元生物,10,3.63,0.35,-0.1,1.66,1.25,5.8,5748.12万,3.55亿,35.54亿,亏损
663,300851,交大思诺,26.58,3.63,0.93,0.19,1.59,0.98,4.79,1929.94万,4615.48万,12.27亿,136.06
664,600640,国脉文化,10.29,3.62,0.36,0,0.66,1.62,4.63,5334.85万,7.96亿,81.88亿,90.71
665,2065,东华软件,6.58,3.62,0.23,0.15,1.31,1.78,4.41,2.47亿,29.03亿,191.01亿,23.91
666,2520,日发精机,6.01,3.62,0.21,-0.33,7.42,2.3,8.1,2.86亿,6.45亿,38.76亿,亏损
667,2055,得润电子,9.16,3.62,0.32,0,1.31,1.26,4.3,6963.28万,5.89亿,53.98亿,395.5
668,301252,同星科技,49.27,3.62,1.72,0,8.13,1.66,5,7917.15万,2000.00万,9.85亿,26.89
669,300560,中富通,17.22,3.61,0.6,0,3.33,0.92,4.69,1.06亿,1.87亿,32.19亿,114.69
670,300739,明阳电路,14.36,3.61,0.5,0,0.85,1.39,4.69,3495.26万,2.91亿,41.84亿,35.85
671,300291,百纳千成,5.75,3.6,0.2,0.52,2.06,1.48,5.59,9676.82万,8.27亿,47.57亿,亏损
672,2908,德生科技,12.94,3.6,0.45,0,2.19,1.05,4.64,8618.02万,3.09亿,39.94亿,62.58
673,600186,莲花健康,5.18,3.6,0.18,0,5.52,0.94,7.4,5.00亿,17.94亿,92.92亿,92.63
674,603701,德宏股份,12.95,3.6,0.45,0,1.23,1.15,5.44,4118.89万,2.61亿,33.85亿,113.26
675,2380,科远智慧,18.71,3.6,0.65,-0.05,2.86,1.43,5.04,7512.47万,1.42亿,26.52亿,51.59
676,2952,亚世光电,16.7,3.6,0.58,0,3.78,2.88,5.58,8294.25万,1.32亿,22.05亿,32.49
677,300787,海能实业,17.87,3.59,0.62,0.06,1.28,1.34,5.04,3258.72万,1.44亿,25.81亿,30.36
678,301311,昆船智能,23.38,3.59,0.81,0.09,6.31,1.31,4.12,8746.23万,6000.00万,14.03亿,107.68
679,2725,跃岭股份,9.83,3.58,0.34,0.1,10.99,1.65,6.74,2.25亿,2.10亿,20.64亿,亏损
680,601975,招商南油,3.47,3.58,0.12,0,5.07,2.34,5.37,8.51亿,48.53亿,168.39亿,9.99
681,688519,南亚新材,23.71,3.58,0.82,0.08,1.1,0.81,5.29,2361.72万,9190.97万,21.79亿,亏损
682,2895,川恒股份,17.96,3.58,0.62,0,0.88,1.17,3.98,7763.98万,4.96亿,89.10亿,16.49
683,2602,世纪华通,4.93,3.57,0.17,0,1.82,1.88,4.2,6.13亿,68.81亿,339.24亿,21.16
684,300572,安车检测,15.97,3.57,0.55,0.06,1.41,1.01,3.57,4076.00万,1.84亿,29.33亿,64.86
685,2139,拓邦股份,10.75,3.56,0.37,0.09,1.35,1.45,3.85,1.50亿,10.50亿,112.91亿,26.45
686,2888,惠威科技,14.54,3.56,0.5,0.14,3.14,1.96,4.34,3407.57万,7560.05万,10.99亿,亏损
687,301159,三维天地,49.15,3.56,1.69,0.02,9.9,1.47,4.93,1.58亿,3271.42万,16.08亿,亏损
688,300168,万达信息,9.6,3.56,0.33,0.21,1.32,1.46,4.53,1.70亿,13.61亿,130.69亿,亏损
689,1227,兰州银行,3.2,3.56,0.11,0.31,7.66,2.8,7.44,6.67亿,27.68亿,88.58亿,9.51
690,300881,盛德鑫泰,30.55,3.56,1.05,0.03,0.98,0.88,3.9,3253.30万,1.10亿,33.60亿,32.68
691,873593,鼎智科技,39.06,3.55,1.34,0,4.71,2.59,7.08,6503.85万,3593.05万,14.03亿,34.59
692,2045,国光电器,12.83,3.55,0.44,-0.08,2.07,1.14,3.87,1.23亿,4.68亿,60.01亿,46.66
693,601231,环旭电子,14.59,3.55,0.5,0,0.4,1.53,3.97,1.26亿,21.81亿,318.27亿,20.99
694,300279,和晶科技,5.84,3.55,0.2,0.17,2.09,1.7,5.14,5197.86万,4.32亿,25.20亿,67.37
695,300902,国安达,31.28,3.54,1.07,0.1,2.03,1.24,5,3456.98万,5479.57万,17.14亿,亏损
696,603098,森特股份,18.44,3.54,0.63,0,0.26,1.05,4.38,2495.70万,5.39亿,99.35亿,79.47
697,603280,南方路机,24.3,3.54,0.83,1.12,4.38,0.71,4.47,2815.13万,2710.17万,6.59亿,20.61
698,300448,浩云科技,5.86,3.53,0.2,0.17,2.59,1.03,4.77,7315.65万,4.90亿,28.71亿,373.86
699,301312,智立方,74.15,3.53,2.53,0.01,4.09,1.04,4.75,5058.26万,1681.63万,12.47亿,63.79
700,300035,中科电气,10.55,3.53,0.36,0,1.72,1.18,3.92,1.14亿,6.35亿,66.97亿,亏损
701,300440,运达科技,7.04,3.53,0.24,0.14,0.97,1.13,4.41,2996.42万,4.43亿,31.21亿,127.24
702,2051,中工国际,10.27,3.53,0.35,0,1.41,1.53,4.54,1.76亿,12.37亿,127.05亿,23.41
703,300804,广康生化,35.23,3.53,1.2,-0.03,5.8,2.33,4.73,3427.09万,1698.30万,5.98亿,46.13
704,300491,通合科技,22.92,3.52,0.78,0.04,3.14,1.46,4.34,1.10亿,1.54亿,35.39亿,55.55
705,300903,科翔股份,9.7,3.52,0.33,-0.31,2.62,1.1,4.59,6899.54万,2.75亿,26.70亿,亏损
706,2292,奥飞娱乐,7.96,3.51,0.27,0,4.99,1.81,4.29,3.84亿,9.75亿,77.63亿,97.35
707,300550,和仁科技,14.16,3.51,0.48,0.07,0.52,1.46,4.61,1906.58万,2.62亿,37.07亿,亏损
708,603230,内蒙新华,11.8,3.51,0.4,0.17,3.46,2.06,3.95,3624.95万,8940.10万,10.55亿,13.38
709,2650,加加食品,4.13,3.51,0.14,0.24,0.88,1.47,4.01,4144.59万,11.52亿,47.58亿,610.86
710,300083,创世纪,6.2,3.51,0.21,0,1.6,1.45,4.17,1.32亿,13.53亿,83.88亿,25.28
711,301456,盘古智能,36.95,3.5,1.25,0,6.59,1.2,4.51,8321.28万,3459.36万,12.78亿,47.41
712,2655,共达电声,11.53,3.5,0.39,0.09,1.12,1.29,3.77,4575.52万,3.60亿,41.50亿,86.58
713,688222,成都先导,15.1,3.5,0.51,0.07,0.71,1.11,4.59,4195.21万,4.01亿,60.50亿,519.69
714,300303,聚飞光电,5.33,3.5,0.18,0.19,2.49,1.32,4.27,1.65亿,12.53亿,66.81亿,30.32
715,300433,蓝思科技,12.14,3.5,0.41,-0.16,0.39,1.47,4.35,2.29亿,49.61亿,602.22亿,54.46
716,688047,龙芯中科,88.18,3.49,2.97,-0.14,0.78,1.02,4.45,1.89亿,2.78亿,245.51亿,亏损
717,2073,软控股份,6.83,3.48,0.23,0.15,1.35,1.67,4.7,8579.76万,9.41亿,64.29亿,34.79
718,688146,中船特气,36.83,3.48,1.24,0.05,2.49,1.06,3.96,5356.18万,5907.77万,21.76亿,56.65
719,688063,派能科技,129.35,3.48,4.35,0.04,2.98,1.23,3.74,3.95亿,1.04亿,134.26亿,16.39
720,603867,新化股份,30.65,3.48,1.03,0,1.1,1.06,5,6139.55万,1.86亿,56.88亿,20.62
721,2599,盛通股份,6.25,3.48,0.21,0.16,3.72,1.26,4.14,9251.02万,4.02亿,25.14亿,亏损
722,2857,三晖电气,18.75,3.48,0.63,0,1.2,2.03,6.68,2828.06万,1.28亿,24.00亿,亏损
723,300990,同飞股份,43.76,3.48,1.47,0.09,10.93,0.91,7.26,1.95亿,4212.00万,18.43亿,54.99
724,300588,熙菱信息,12.23,3.47,0.41,0.16,8.31,0.87,4.65,1.45亿,1.44亿,17.67亿,亏损
725,605577,龙版传媒,10.44,3.47,0.35,0.1,1.74,1.21,4.26,3368.82万,1.88亿,19.67亿,18.12
726,301285,鸿日达,14.33,3.47,0.48,-0.07,9.51,1.22,4.4,6993.17万,5167.00万,7.40亿,352.8
727,300399,天利科技,12.85,3.46,0.43,0.16,2.33,1.41,4.03,5724.64万,1.94亿,24.89亿,亏损
728,601886,江河集团,8.07,3.46,0.27,-0.12,0.48,1.33,4.1,4355.27万,11.33亿,91.43亿,15.63
729,301053,远信工业,25.11,3.46,0.84,-0.08,4.13,1.15,3.54,2382.65万,2326.49万,5.84亿,95.48
730,2439,启明星辰,27.8,3.46,0.93,0,1.18,1.64,5.84,2.35亿,7.24亿,201.39亿,70.97
731,2987,京北方,18.84,3.46,0.63,0,1.24,0.96,4.5,9828.76万,4.28亿,80.67亿,27.64
732,2792,通宇通讯,16.45,3.46,0.55,0,13.22,0.72,4.4,5.16亿,2.40亿,39.54亿,78.89
733,688215,瑞晟智能,35.6,3.46,1.19,0,1.27,1.44,4.68,1262.39万,2817.07万,10.03亿,101.71
734,600165,宁科生物,3.89,3.46,0.13,0.26,1.1,1.22,3.99,2877.27万,6.85亿,26.64亿,亏损
735,603489,八方股份,56.36,3.45,1.88,0,0.19,1.12,3.96,1818.27万,1.68亿,94.67亿,45.38
736,301255,通力科技,49.19,3.45,1.64,-0.02,17.91,1.18,6.25,2.38亿,2720.00万,13.38亿,64.91
737,301157,华塑科技,47.75,3.44,1.59,0.04,5.42,1.07,3.96,3829.21万,1500.00万,7.16亿,114.66
738,301026,浩通科技,30.37,3.44,1.01,-0.03,1.42,1.06,4.63,2352.62万,5574.58万,16.93亿,31.96
739,300413,芒果超媒,27.39,3.44,0.91,0.04,0.81,1.09,4.38,2.24亿,10.22亿,279.84亿,20.48
740,688981,中芯国际,51.2,3.43,1.7,-0.12,1.43,1,3.98,14.25亿,19.74亿,1010.49亿,67.85
741,600837,海通证券,10.24,3.43,0.34,0.1,0.64,1.66,3.84,5.71亿,88.73亿,908.63亿,17.47
742,301107,瑜欣电子,31.94,3.43,1.06,0.13,4.62,1.2,3.66,3051.45万,2090.74万,6.68亿,30.31
743,301153,中科江南,59.35,3.43,1.97,-0.03,1.42,1.11,4.44,9592.75万,1.14亿,67.88亿,54.56
744,688557,兰剑智能,35.91,3.43,1.19,-0.03,1.37,1.41,5.16,2129.29万,4416.18万,15.86亿,24.61
745,688155,先惠技术,43.78,3.43,1.45,-0.02,0.49,0.8,4.13,1161.18万,5488.03万,24.03亿,293
746,300645,正元智慧,26.28,3.42,0.87,-0.04,1.04,1.76,4.29,3774.96万,1.40亿,36.89亿,160.34
747,689009,九号公司-WD,35.06,3.42,1.16,-0.03,1.04,2.14,5.43,1.86亿,5.12亿,179.40亿,56.54
748,688681,科汇股份,14.81,3.42,0.49,0.2,1.31,1.27,5.45,1273.29万,6699.17万,9.92亿,亏损
749,3032,传智教育,11.79,3.42,0.39,0,3.34,1.64,4.39,6635.54万,1.71亿,20.13亿,30.78
750,688631,莱斯信息,35.07,3.42,1.16,0.17,3.15,1.77,5.31,3665.37万,3354.31万,11.76亿,亏损
751,600839,四川长虹,4.84,3.42,0.16,0,10.26,1.3,5.98,22.49亿,46.15亿,223.36亿,55.25
752,603009,北特科技,7.26,3.42,0.24,0.14,3.06,1.08,4.13,7426.62万,3.38亿,24.57亿,69.28
753,300354,东华测试,39.32,3.42,1.3,0.1,0.58,0.69,5.26,1788.29万,7996.71万,31.44亿,60.42
754,688316,青云科技-U,54.83,3.41,1.81,0.11,7.72,1.63,4,1.51亿,3593.05万,19.70亿,亏损
755,603032,德新科技,23.33,3.41,0.77,0,1.9,1.17,4.21,9938.27万,2.28亿,53.22亿,19.76
756,688663,新风光,27.28,3.41,0.9,0,1.85,0.99,4.06,4310.99万,8642.04万,23.58亿,24.44
757,605136,丽人丽妆,10.61,3.41,0.35,0,2.5,1.5,4.48,5126.35万,1.96亿,20.81亿,亏损
758,688696,极米科技,123.78,3.41,4.08,0.18,0.8,1.16,4.82,4444.27万,4567.05万,56.53亿,46.72
759,300602,飞荣达,17.9,3.41,0.59,0,3.6,1.12,4.28,2.03亿,3.19亿,57.06亿,1287.31
760,300474,景嘉微,70.12,3.41,2.31,-0.2,2.2,1.46,4.22,5.02亿,3.29亿,230.61亿,亏损
761,603106,恒银科技,7.59,3.41,0.25,0.13,10.14,2.23,5.18,3.96亿,5.21亿,39.51亿,亏损
762,300165,天瑞仪器,5.77,3.4,0.19,0.17,2.37,1.49,4.12,5399.35万,4.00亿,23.09亿,321.12
763,600406,国电南瑞,22.78,3.4,0.75,0.09,0.3,1.2,3.31,5.39亿,79.69亿,1815.32亿,36.61
764,688148,芳源股份,9.12,3.4,0.3,0.11,1.26,1.2,3.63,4402.77万,3.87亿,35.26亿,亏损
765,301386,未来电器,26.45,3.4,0.87,0.04,5.7,1.13,3.83,4955.99万,3319.50万,8.78亿,44.76
766,2579,中京电子,8.82,3.4,0.29,0.11,2.36,1.4,4.46,1.20亿,5.82亿,51.36亿,亏损
767,688003,天准科技,38.01,3.4,1.25,0,0.41,1.2,4.79,2961.89万,1.92亿,73.04亿,857.94
768,300844,山水比德,40.18,3.4,1.32,0,11.28,1.28,5.43,7515.71万,1676.00万,6.73亿,亏损
769,628,高新发展,15.22,3.4,0.5,-0.07,2.64,2.26,4.48,7669.45万,1.92亿,29.23亿,28.73
770,601019,山东出版,9.15,3.39,0.3,0.22,0.37,0.83,4.18,7034.96万,20.87亿,190.95亿,10.68
771,688307,中润光学,30.2,3.39,0.99,0.13,3.99,1.07,4.52,2272.70万,1906.66万,5.76亿,184.22
772,301428,世纪恒通,39.08,3.39,1.28,-0.05,8.11,1.24,4.39,7345.05万,2339.51万,9.14亿,45.88
773,603036,如通股份,10.69,3.38,0.35,-0.09,0.8,1.11,3.58,1738.54万,2.06亿,22.02亿,31.15
774,2291,遥望科技,9.47,3.38,0.31,0,3.24,1.46,4.58,2.67亿,8.78亿,83.10亿,亏损
775,688728,格科微,15.58,3.38,0.51,2.77,0.41,0.54,4.58,6941.65万,11.14亿,173.59亿,亏损
776,601696,中银证券,11.62,3.38,0.38,0,1.74,1.54,4.09,5.54亿,27.78亿,322.80亿,25
777,600088,中视传媒,12.85,3.38,0.42,0.08,1.63,1.1,4.5,8209.02万,3.98亿,51.11亿,8.39
778,300271,华宇软件,9.19,3.38,0.3,0,1.35,1.48,4.72,9867.81万,8.02亿,73.69亿,亏损
779,300996,普联软件,23.89,3.38,0.78,-0.04,1.13,1.24,4.11,3180.28万,1.19亿,28.53亿,亏损
780,300166,东方国信,11.03,3.37,0.36,0,8.4,1.11,5.34,8.41亿,9.19亿,101.41亿,93.78
781,871478,巨能股份,15.02,3.37,0.49,0,3.5,0.91,3.17,1033.17万,1980.00万,2.97亿,33.76
782,300682,朗新科技,19.62,3.37,0.64,0,0.58,1.11,4.64,1.19亿,10.61亿,208.13亿,124.55
783,300583,赛托生物,18.4,3.37,0.6,0,1.14,0.99,4.27,3452.88万,1.67亿,30.73亿,29.1
784,833575,康乐卫士,15.65,3.37,0.51,0,0.17,2.26,4.42,346.19万,1.34亿,20.93亿,亏损
785,300640,德艺文创,6.14,3.37,0.2,0.16,2.62,1.56,4.38,3496.12万,2.20亿,13.48亿,144.35
786,2232,启明信息,14.74,3.37,0.48,0,1.43,1.01,4.21,8471.53万,4.09亿,60.22亿,67.59
787,2670,国盛金控,9.83,3.37,0.32,0.1,3.06,1.21,4.63,4.84亿,16.23亿,159.58亿,96.03
788,301307,美利信,34.41,3.36,1.12,-0.09,9.99,0.47,5.77,1.59亿,4695.44万,16.16亿,29.94
789,300307,慈星股份,7.07,3.36,0.23,0.14,3.21,1.3,3.95,1.74亿,7.72亿,54.56亿,28.88
790,300151,昌红科技,14.45,3.36,0.47,0,1.12,1.38,3.93,5115.00万,3.21亿,46.37亿,90.37
791,300195,长荣股份,6.15,3.36,0.2,0.16,1.6,1.24,3.87,3042.65万,3.13亿,19.28亿,234.22
792,688237,超卓航科,46.16,3.36,1.5,0,1.3,1.65,4.95,1796.14万,3046.99万,14.06亿,75.25
793,688478,晶升股份,44.38,3.35,1.44,-0.02,6.06,1.3,5.36,7638.14万,2858.51万,12.69亿,203.5
794,603327,福蓉科技,12.33,3.35,0.4,-0.08,0.53,1.57,4.86,4332.40万,6.78亿,83.56亿,26.02
795,300484,蓝海华腾,12.02,3.35,0.39,-0.08,1.25,0.95,3.52,2385.55万,1.60亿,19.25亿,70.62
796,603881,数据港,20.67,3.35,0.67,0,1.55,1.29,4.5,1.46亿,4.60亿,95.18亿,69.32
797,301011,华立科技,21.6,3.35,0.7,-0.05,6.75,0.91,6.65,1.12亿,7826.18万,16.90亿,90.66
798,2851,麦格米特,29.98,3.34,0.97,0.13,0.63,1.21,4.24,7633.40万,4.13亿,123.69亿,19.22
799,300276,三丰智能,3.71,3.34,0.12,0.27,1.6,1.06,3.9,5811.87万,9.93亿,36.82亿,76.22
800,300901,中胤时尚,10.24,3.33,0.33,0.1,2.26,0.89,3.83,2787.94万,1.22亿,12.46亿,60.18
801,300718,长盛轴承,18,3.33,0.58,0.22,1.27,1.27,4.3,4312.40万,1.91亿,34.33亿,22.71
802,688028,沃尔德,20.81,3.33,0.67,-0.05,0.79,0.81,4.22,2214.48万,1.37亿,28.52亿,42.45
803,300709,精研科技,22.06,3.33,0.71,-0.05,2.57,1.19,3.75,8358.22万,1.49亿,32.84亿,亏损
804,301359,东南电子,25.48,3.33,0.82,-0.12,3.91,0.99,4.14,2115.97万,2146.00万,5.47亿,66.61
805,688305,科德数控,76.75,3.33,2.47,0.01,1.38,0.9,3.39,5156.07万,4922.53万,37.78亿,75.13
806,1212,中旗新材,25.18,3.32,0.81,0.04,2.29,1.57,4.23,3123.85万,5481.61万,13.80亿,38.67
807,688582,芯动联科,37.93,3.32,1.22,0.16,4.95,1.21,5.04,8548.71万,4607.24万,17.48亿,185.54
808,688077,大地熊,25.19,3.32,0.81,0.16,1.03,0.86,3.69,1927.75万,7557.59万,19.04亿,亏损
809,2150,通润装备,14,3.32,0.45,0,1.15,1.21,3.69,5634.93万,3.55亿,49.67亿,111.09
810,688244,永信至诚,54.17,3.32,1.74,-0.04,4.26,1.11,4.58,3372.16万,1472.84万,7.98亿,亏损
811,688105,诺唯赞,28.33,3.32,0.91,-0.07,0.67,1.05,4.19,3106.97万,1.67亿,47.22亿,亏损
812,600756,浪潮软件,14.65,3.31,0.47,0,1.57,1.57,3.81,7368.86万,3.24亿,47.48亿,亏损
813,300912,凯龙高科,18.4,3.31,0.59,0,3.17,0.83,4.21,3544.79万,6159.29万,11.33亿,151.86
814,300951,博硕科技,44.92,3.31,1.44,-0.05,1.4,1.3,4.42,3526.34万,5719.98万,25.69亿,24.18
815,1336,楚环科技,25.9,3.31,0.83,-0.04,4.64,1.7,5.22,3390.39万,2855.73万,7.40亿,46.29
816,301135,瑞德智能,24.67,3.31,0.79,0,1.87,1.15,3.94,2251.65万,4945.70万,12.20亿,69.3
817,301020,密封科技,20.31,3.31,0.65,0.05,1.06,1.12,3.71,1549.32万,7292.18万,14.81亿,35.96
818,600421,华嵘控股,10,3.31,0.32,0,0.59,1.27,4.75,1150.73万,1.96亿,19.56亿,亏损
819,551,创元科技,9.69,3.31,0.31,0,0.92,1.02,4.16,3520.59万,4.00亿,38.77亿,21.81
820,688265,南模生物,40.34,3.3,1.29,0.1,0.32,0.9,4.41,617.34万,4867.95万,19.64亿,亏损
821,688128,中国电研,20.66,3.3,0.66,0,0.54,1.56,4.55,4451.62万,4.04亿,83.57亿,22.59
822,300716,泉为科技,12.52,3.3,0.4,0.08,1.2,1.02,4.37,2368.97万,1.60亿,20.03亿,亏损
823,300407,凯发电气,8.47,3.29,0.27,0.12,1.62,1.05,3.42,3061.25万,2.26亿,19.13亿,39.73
824,2348,高乐股份,3.45,3.29,0.11,0.29,0.85,1.33,4.19,2596.06万,8.89亿,30.67亿,亏损
825,830799,艾融软件,8.16,3.29,0.26,0,0.78,1.29,4.05,738.25万,1.18亿,9.59亿,36.4
826,2961,瑞达期货,16.32,3.29,0.52,0.06,0.81,1.01,4.56,5852.31万,4.45亿,72.63亿,30.95
827,1236,弘业期货,12.56,3.29,0.4,0.16,1.71,1.51,3.62,6923.00万,3.26亿,41.00亿,888.01
828,2671,龙泉股份,4.71,3.29,0.15,0,2.5,2.31,4.17,6457.54万,5.54亿,26.08亿,502.1
829,2730,电光科技,8.79,3.29,0.28,0.23,1.03,1.19,3.76,3090.15万,3.46亿,30.42亿,32.77
830,688200,华峰测控,131.38,3.29,4.18,0,0.57,1.03,5.11,1.00亿,1.35亿,177.83亿,55.13
831,2270,华明装备,12.26,3.29,0.39,0.16,0.95,1.47,4.3,8706.37万,7.59亿,93.08亿,19.15
832,300393,中来股份,11,3.29,0.35,0.18,1.1,1.42,3.29,1.14亿,9.54亿,104.92亿,25.35
833,2199,东晶电子,8.18,3.28,0.26,0,2.03,1.27,3.79,3987.45万,2.43亿,19.91亿,亏损
834,603070,万控智造,16.68,3.28,0.53,0,2.32,1.5,3.9,3087.07万,8108.60万,13.53亿,39.42
835,600318,新力金融,6.61,3.28,0.21,0.15,2.3,1.52,4.53,7707.13万,5.13亿,33.89亿,71.46
836,831152,昆工科技,18.26,3.28,0.58,0,0.15,0.55,4.41,234.15万,8311.23万,15.18亿,96.52
837,2534,西子洁能,12.91,3.28,0.41,0,0.51,1.27,3.44,4698.20万,7.30亿,94.23亿,162.66
838,2031,巨轮智能,3.78,3.28,0.12,0,6.59,2.06,4.64,4.84亿,19.72亿,74.53亿,478.66
839,600621,华鑫股份,11.98,3.28,0.38,0,2.62,2.15,4.14,3.29亿,10.61亿,127.10亿,38.25
840,300795,米奥会展,33.77,3.27,1.07,0.09,1.01,1.4,4.19,2910.68万,8651.45万,29.22亿,33.59
841,301012,扬电科技,21.8,3.27,0.69,0,1.29,0.83,4.12,2073.27万,7518.00万,16.39亿,亏损
842,300626,华瑞股份,9.48,3.27,0.3,0,1.31,1.35,3.49,2187.52万,1.77亿,16.81亿,404.89
843,688588,凌志软件,12.65,3.27,0.4,0.08,1.09,1.25,4.49,5423.58万,4.00亿,50.60亿,51.84
844,301368,丰立智能,44.92,3.26,1.42,0,14.25,1.07,4.32,1.80亿,2839.83万,12.76亿,133.5
845,300443,金雷股份,27.55,3.26,0.87,-0.04,1.73,1.51,3.64,8666.79万,1.84亿,50.80亿,22.34
846,3029,吉大正元,21.53,3.26,0.68,-0.09,4.1,1.77,6,9913.49万,1.13亿,24.41亿,亏损
847,2329,皇氏集团,6.02,3.26,0.19,0,2.02,1.57,3.94,7074.29万,5.88亿,35.38亿,12.29
848,2364,中恒电气,7.29,3.26,0.23,0.14,1.17,1.33,3.68,4723.70万,5.58亿,40.69亿,188.61
849,300054,鼎龙股份,20.95,3.25,0.66,0.19,0.75,1.05,3.65,1.13亿,7.31亿,153.11亿,102.79
850,300638,广和通,19.36,3.25,0.61,0.05,1.92,1.18,4.05,1.81亿,4.93亿,95.38亿,24.55
851,301345,涛涛车业,48.93,3.25,1.54,-0.04,2.95,1.27,3.73,3595.84万,2529.62万,12.38亿,19.89
852,688380,中微半导,24.46,3.25,0.77,-0.12,1.52,1.14,4.69,3831.32万,1.05亿,25.64亿,184.49
853,300663,科蓝软件,13.98,3.25,0.44,0,2.9,1.85,3.99,1.62亿,4.03亿,56.40亿,亏损
854,601995,中金公司,38.15,3.25,1.2,0.08,1.4,1.65,3.57,4.91亿,9.30亿,354.65亿,25.86
855,300789,唐源电气,23.23,3.24,0.73,-0.09,2.15,0.93,5.07,3694.10万,7495.68万,17.41亿,27.83
856,300380,安硕信息,25.78,3.24,0.81,0.04,5.83,1.49,3.4,1.85亿,1.25亿,32.12亿,亏损
857,600026,中远海能,14.02,3.24,0.44,0,1.35,1.99,2.5,6.51亿,34.75亿,487.16亿,11.92
858,301046,能辉科技,26.13,3.24,0.82,0,2.36,1.44,3.12,3601.53万,5899.19万,15.41亿,335.35
859,688052,纳芯微,121.76,3.24,3.82,0,1.25,1,4.7,1.22亿,8177.85万,99.57亿,亏损
860,603125,常青科技,32.84,3.24,1.03,0,10.62,1.42,5.41,1.62亿,4717.41万,15.49亿,28.9
861,603711,香飘飘,16.9,3.24,0.53,-0.24,0.31,1.21,4.58,2117.12万,4.11亿,69.42亿,亏损
862,300879,大叶股份,16.59,3.24,0.52,0.06,0.79,1.09,3.67,2065.04万,1.60亿,26.54亿,104.64
863,688569,铁科轨道,33.51,3.23,1.05,0,0.99,1.28,3.57,4320.45万,1.32亿,44.12亿,15.79
864,300653,正海生物,31.28,3.23,0.98,0,1.29,1.01,5.05,7110.58万,1.80亿,56.30亿,25.63
865,600745,闻泰科技,44.7,3.23,1.4,0.07,0.89,1.33,3.83,4.87亿,12.43亿,555.54亿,22.08
866,928,中钢国际,7.99,3.23,0.25,0.13,1.68,1.28,4.91,1.72亿,12.91亿,103.16亿,15.05
867,603999,读者传媒,6.09,3.22,0.19,0,1.54,1.71,4.41,5346.39万,5.76亿,35.08亿,51.86
868,603289,泰瑞机器,9.62,3.22,0.3,0,0.94,0.93,3.86,2363.03万,2.63亿,25.32亿,22.73
869,300767,震安科技,20.53,3.22,0.64,-0.05,1.79,0.84,4.68,7562.92万,2.09亿,42.98亿,170.69
870,301353,普莱得,36.26,3.22,1.13,0.03,6.5,0.99,3.76,4432.05万,1900.00万,6.89亿,28.64
871,688298,东方生物,39.17,3.21,1.22,-0.05,1.07,1.74,4.14,8389.21万,2.02亿,78.97亿,113.43
872,20,深华发Ａ,11.88,3.21,0.37,0.08,1.11,1.34,3.74,2355.86万,1.81亿,21.52亿,213.52
873,600373,中文传媒,12.53,3.21,0.39,0,1.24,1.07,4.45,2.09亿,13.55亿,169.79亿,10.04
874,603096,新经典,17.99,3.21,0.56,0.11,1.56,1.41,4.02,4507.23万,1.63亿,29.23亿,16.56
875,688416,恒烁股份,61.36,3.21,1.91,0.02,4.83,1.06,6.63,8232.70万,2832.01万,17.38亿,亏损
876,300175,朗源股份,4.5,3.21,0.14,0,1.77,1.28,3.67,3730.84万,4.71亿,21.19亿,亏损
877,300350,华鹏飞,4.5,3.21,0.14,0,1.74,1.77,3.67,3621.47万,4.68亿,21.08亿,亏损
878,600830,香溢融通,6.43,3.21,0.2,0.16,1.55,1.61,3.85,4469.57万,4.54亿,29.21亿,83.55
879,2583,海能达,6.11,3.21,0.19,0,3.01,1.34,4.22,2.32亿,12.80亿,78.20亿,71.68
880,688167,炬光科技,88.48,3.21,2.75,0.02,2.51,0.85,5.04,1.43亿,6521.92万,57.71亿,151.7
881,300743,天地数码,15.77,3.21,0.49,0.13,2.68,1.48,4.25,4082.04万,9769.16万,15.41亿,40.9
882,300150,世纪瑞尔,4.51,3.2,0.14,0,1.59,1.37,3.89,3644.69万,5.15亿,23.21亿,74.81
883,301172,君逸数码,36.44,3.2,1.13,0.14,11.23,1.04,3.6,1.12亿,2766.52万,10.08亿,73.75
884,300960,通业科技,21.93,3.2,0.68,0,3.98,1,4.19,2204.14万,2560.00万,5.61亿,113.02
885,688277,天智航-U,13.55,3.2,0.42,0.22,1.09,0.96,4.19,4931.31万,3.39亿,45.97亿,亏损
886,688513,苑东生物,52.34,3.19,1.62,0.17,0.28,1.4,4.55,1243.56万,8491.50万,44.44亿,23.89
887,2210,飞马国际,1.94,3.19,0.06,0.52,0.74,1.1,4.25,3761.55万,26.61亿,51.63亿,374.02
888,688410,山外山,49.8,3.19,1.54,0.1,7.91,0.8,5.72,1.34亿,3474.24万,17.30亿,26.85
889,2598,山东章鼓,10.35,3.19,0.32,0.1,1.12,1.22,3.69,3221.52万,2.80亿,29.02亿,25.19
890,301187,欧圣电气,17.47,3.19,0.54,0.06,2.09,1.04,3.66,1731.62万,4787.42万,8.36亿,24.13
891,300129,泰胜风能,8.09,3.19,0.25,0.12,1.43,1.44,4.21,7438.09万,6.49亿,52.49亿,31.95
892,300542,新晨科技,12.62,3.19,0.39,0,3.65,1.43,4.58,1.11亿,2.44亿,30.78亿,791.26
893,300141,和顺电气,9.39,3.19,0.29,0.11,1.25,1.13,3.74,2206.16万,1.90亿,17.89亿,1046.49
894,601999,出版传媒,6.48,3.19,0.2,0.31,1.57,1.63,4.14,5541.87万,5.51亿,35.70亿,137.34
895,725,京东方Ａ,3.89,3.18,0.12,0,0.82,1.56,3.98,11.73亿,372.61亿,1449.44亿,100.86
896,2815,崇达技术,11.35,3.18,0.35,0.09,1.42,1.36,4.09,6958.76万,4.37亿,49.58亿,20.2
897,300543,朗科智能,10.06,3.18,0.31,0.3,2.06,1.31,4,4327.69万,2.11亿,21.27亿,40.26
898,300830,金现代,8.44,3.18,0.26,0.12,1.7,1.23,3.91,4399.58万,3.10亿,26.19亿,亏损
899,2823,凯中精密,10.39,3.18,0.32,0,2.23,1.23,4.47,3901.83万,1.70亿,17.68亿,248.97
900,301179,泽宇智能,25.98,3.18,0.8,0.04,2.53,1.15,4.05,3857.13万,5940.00万,15.43亿,28.07
901,300972,万辰生物,37.02,3.18,1.14,0.24,2.33,1.02,5.24,6374.54万,7481.60万,27.70亿,亏损
902,603232,格尔软件,12.02,3.18,0.37,0,2.8,0.79,4.29,7727.77万,2.33亿,28.04亿,亏损
903,300507,苏奥传感,5.85,3.17,0.18,0.34,1.51,0.78,3.7,6683.54万,7.67亿,44.88亿,39.94
904,300922,天秦装备,16.58,3.17,0.51,0.06,2.14,1.05,4.17,3142.74万,8971.85万,14.88亿,156.18
905,2298,中电兴发,5.86,3.17,0.18,0,1.33,1.23,3.52,4929.02万,6.40亿,37.48亿,亏损
906,695,滨海能源,11.72,3.17,0.36,0.17,0.79,1.65,4.67,2040.50万,2.22亿,25.99亿,亏损
907,300048,合康新能,5.21,3.17,0.16,0.19,0.61,1.18,3.76,3520.27万,11.11亿,57.88亿,亏损
908,300953,震裕科技,62.54,3.17,1.92,-0.03,1.19,1.57,5.21,3372.27万,4558.00万,28.51亿,91.83
909,300065,海兰信,10.11,3.16,0.31,-0.1,2.55,1.34,3.98,1.68亿,6.58亿,66.54亿,548.26
910,601888,中国中免,109.3,3.16,3.35,0.05,0.83,1.06,4.18,17.51亿,19.52亿,2134.06亿,29.25
911,300920,润阳科技,19.26,3.16,0.59,0.26,1.72,0.9,3.37,1630.29万,4982.44万,9.60亿,84.52
912,688008,澜起科技,51.27,3.16,1.57,0.55,0.74,1.03,4.06,4.24亿,11.38亿,583.46亿,356.39
913,300368,汇金股份,7.84,3.16,0.24,0,3.33,0.9,4.87,1.37亿,5.32亿,41.70亿,亏损
914,301279,金道科技,25.49,3.16,0.78,0,2.25,0.96,3.85,1629.82万,2875.00万,7.33亿,45.36
915,605218,伟时电子,14.38,3.16,0.44,0.35,1.94,1.44,4.3,2435.83万,8825.71万,12.69亿,41.91
916,688011,新光光电,23.22,3.15,0.71,0.04,0.84,1.75,4,1277.46万,6650.95万,15.44亿,亏损
917,2667,威领股份,12.76,3.15,0.39,0,2.35,2.31,6.71,6838.37万,2.31亿,29.47亿,亏损
918,688116,天奈科技,25.54,3.15,0.78,0.12,1.15,1.06,3.63,9983.22万,3.43亿,87.73亿,48.8
919,300011,鼎汉技术,6.55,3.15,0.2,0,0.76,1.37,3.62,2472.19万,5.01亿,32.80亿,460.59
920,2238,天威视讯,6.55,3.15,0.2,0,0.68,1.16,3.78,3527.55万,8.03亿,52.57亿,41.67
921,600478,科力远,5.57,3.15,0.17,0,0.95,1.42,4.07,8674.54万,16.64亿,92.68亿,140.32
922,603307,扬州金泉,50.16,3.15,1.53,-0.02,3.68,1.06,3.7,3058.54万,1675.00万,8.40亿,10.25
923,603011,合锻智能,6.56,3.15,0.2,0,1.1,1.53,4.4,3524.50万,4.94亿,32.43亿,35.11
924,688081,兴图新科,16.07,3.15,0.49,0,1.03,1.37,4.43,1690.35万,1.03亿,16.56亿,亏损
925,1360,南矿集团,18.37,3.14,0.56,0.05,7.82,0.96,3.82,7100.06万,4997.55万,9.18亿,30.11
926,300932,三友联众,15.42,3.14,0.47,0,1.8,1.29,4.15,2488.95万,9069.23万,13.98亿,56.91
927,300598,诚迈科技,45.27,3.14,1.38,0.04,2.15,1.03,4.06,1.54亿,1.60亿,72.47亿,亏损
928,301169,零点有数,56.42,3.14,1.72,0.11,15.14,0.94,4.48,2.39亿,2812.21万,15.87亿,亏损
929,300747,锐科激光,24.96,3.14,0.76,0,0.99,1.08,3.76,1.25亿,5.09亿,127.11亿,63.08
930,802,北京文化,6.24,3.14,0.19,0,2.36,1.46,3.8,1.05亿,7.15亿,44.65亿,亏损
931,1332,锡装股份,36.13,3.14,1.1,0.28,2.9,2.29,3.97,2800.62万,2700.00万,9.76亿,19.18
932,831278,泰德股份,2.96,3.14,0.09,0,0.93,1.64,3.14,159.85万,5878.93万,1.74亿,197.52
933,300992,泰福泵业,20.72,3.14,0.63,0.05,3.45,1.87,3.29,3087.72万,4354.77万,9.02亿,36.74
934,300493,润欣科技,8.23,3.13,0.25,0.12,1.63,1.13,4.51,6582.55万,5.01亿,41.23亿,99.53
935,603508,思维列控,16.13,3.13,0.49,0.06,0.55,1.26,3.39,3326.42万,3.81亿,61.50亿,17.7
936,300630,普利制药,21.4,3.13,0.65,0.38,7.7,1.23,6.31,5.17亿,3.22亿,68.92亿,17.3
937,300101,振芯科技,21.09,3.13,0.64,0.43,1.46,1.14,3.86,1.71亿,5.62亿,118.61亿,54.36
938,603688,石英股份,95.6,3.13,2.9,0,1.1,1.25,3.02,3.75亿,3.61亿,345.38亿,7.1
939,301222,浙江恒威,28.35,3.13,0.86,0.04,2.1,1.06,3.27,1720.38万,2918.34万,8.27亿,27.02
940,688800,瑞可达,39.24,3.13,1.19,0,1.83,1.52,4.92,6879.09万,9701.31万,38.07亿,46.62
941,603860,中公高科,26.39,3.13,0.8,0,2.06,1.53,3.87,3577.53万,6668.00万,17.60亿,248.02
942,300593,新雷能,18.49,3.12,0.56,0.05,1.23,0.99,4.63,9952.56万,4.45亿,82.30亿,26.13
943,301024,霍普股份,29.72,3.12,0.9,0.14,4.99,1.26,3.61,2604.40万,1773.75万,5.27亿,764.5
944,3000,劲仔食品,10.58,3.12,0.32,0,1.15,0.96,4.48,3503.67万,2.91亿,30.75亿,28.7
945,600763,通策医疗,88.32,3.12,2.67,-0.02,1.03,0.78,4.38,2.88亿,3.21亿,283.19亿,46.51
946,600592,龙溪股份,9.27,3.12,0.28,0.33,0.99,1.19,4,3638.55万,4.00亿,37.04亿,15.91
947,600629,华建集团,5.96,3.11,0.18,-0.17,2.77,1.24,3.63,1.54亿,9.45亿,56.30亿,15.61
948,300232,洲明科技,7.62,3.11,0.23,0.13,1.61,1.44,3.92,1.08亿,8.89亿,67.77亿,18.84
949,300080,易成新能,4.97,3.11,0.15,0.2,0.7,1.22,3.32,4189.88万,12.25亿,60.91亿,64.06
950,2161,远 望 谷,5.64,3.11,0.17,0,3.1,2.17,4.75,1.23亿,7.13亿,40.24亿,38.17
951,688068,热景生物,38.87,3.1,1.17,0.03,1.25,1.55,4,4425.96万,9226.88万,35.86亿,21.16
952,603618,杭电股份,5.98,3.1,0.18,0,0.74,1.65,3.1,3045.43万,6.91亿,41.33亿,23.85
953,300349,金卡智能,12.63,3.1,0.38,-0.16,0.82,1.13,3.59,3880.69万,3.81亿,48.15亿,13.08
954,300681,英搏尔,17.3,3.1,0.52,0.29,1.28,0.88,3.63,3767.45万,1.73亿,29.89亿,亏损
955,1278,一彬科技,21.3,3.1,0.64,0,4.24,0.78,4.45,2774.46万,3093.34万,6.59亿,33.91
956,2635,安洁科技,13.31,3.1,0.4,0.08,1.27,1.45,3.49,6774.91万,4.04亿,53.81亿,32.59
957,300421,力星股份,9.32,3.1,0.28,0.22,2.52,0.97,3.65,5367.06万,2.31亿,21.49亿,38.82
958,603108,润达医疗,15.33,3.09,0.46,-0.2,5.82,0.79,7.6,5.00亿,5.80亿,88.86亿,25.39
959,2692,ST远程,3.67,3.09,0.11,0,0.63,1.38,3.65,1635.92万,7.18亿,26.36亿,68.22
960,300075,数字政通,19.35,3.09,0.58,-0.1,3.2,1.08,3.68,3.13亿,5.10亿,98.74亿,42.89
961,301038,深水规院,17.35,3.09,0.52,0,9.41,1.94,4.69,8020.55万,4933.50万,8.56亿,442.58
962,301131,聚赛龙,40.06,3.09,1.2,0,3.21,1.41,4.2,2917.37万,2307.42万,9.24亿,48.62
963,42,中洲控股,7.01,3.09,0.21,0,0.68,0.74,4.12,3114.19万,6.64亿,46.55亿,亏损
964,301292,海科新源,22.04,3.09,0.66,-0.27,4.61,1.24,4.86,4308.37万,4288.67万,9.45亿,44.31
965,600452,涪陵电力,13.03,3.08,0.39,0,0.56,0.86,3.48,7988.09万,10.98亿,143.01亿,27.64
966,300732,设研院,9.36,3.08,0.28,-0.11,0.95,1.41,3.52,2844.03万,3.22亿,30.18亿,23.58
967,603026,胜华新材,53.16,3.08,1.59,-0.04,1.32,1.9,3.7,1.41亿,2.03亿,107.74亿,279.59
968,688051,佳华科技,32.43,3.08,0.97,0.22,0.83,1.08,4.74,2067.30万,7733.40万,25.08亿,亏损
969,3001,中岩大地,17.4,3.08,0.52,0.06,3.1,1.66,4.38,2625.27万,4937.51万,8.59亿,192.05
970,688549,中巨芯-U,10.71,3.08,0.32,-0.37,18.45,0.83,6.54,5.12亿,2.62亿,28.01亿,416
971,2929,润建股份,36.49,3.08,1.09,-0.03,4.29,1.17,4.61,3.15亿,2.04亿,74.33亿,17.63
972,600636,国新文化,10.05,3.08,0.3,0.1,1.89,1.94,3.69,8294.65万,4.40亿,44.27亿,192.44
973,301083,百胜智能,17.1,3.07,0.51,0.18,5.05,1.02,3.74,4500.64万,5263.43万,9.00亿,84.88
974,300989,蕾奥规划,19.45,3.07,0.58,0,7.06,1.25,4.24,5512.92万,4050.00万,7.88亿,105.21
975,688070,纵横股份,36.21,3.07,1.08,0.22,0.39,1.08,4.18,531.07万,3838.00万,13.90亿,亏损
976,601901,方正证券,7.38,3.07,0.22,-0.14,0.63,1.91,3.35,3.82亿,82.32亿,607.53亿,21.1
977,300071,福石控股,3.69,3.07,0.11,0,1.27,1.55,4.19,4209.14万,9.06亿,33.44亿,亏损
978,605018,长华集团,10.74,3.07,0.32,0,2.31,0.85,3.46,2301.83万,9348.64万,10.04亿,105.48
979,603308,应流股份,14.1,3.07,0.42,0.57,0.49,1.15,3.44,4698.56万,6.83亿,96.32亿,29.81
980,600794,保税科技,3.7,3.06,0.11,0.27,1.19,1.95,3.34,5247.09万,12.12亿,44.85亿,16.03
981,688523,航天环宇,24.22,3.06,0.72,0.21,4.49,1.21,4.21,3635.52万,3383.82万,8.20亿,277.67
982,600841,动力新科,6.06,3.06,0.18,0.33,0.63,1.69,3.4,3448.47万,9.20亿,55.76亿,亏损
983,300497,富祥药业,11.45,3.06,0.34,0.09,1.28,0.98,4.59,6470.25万,4.47亿,51.22亿,亏损
984,2600,领益智造,5.73,3.06,0.17,0.18,0.77,1.45,3.96,3.00亿,68.92亿,394.88亿,16.09
985,688598,金博股份,77.2,3.06,2.29,-0.19,1.11,1.04,4,1.18亿,1.39亿,107.49亿,18.98
986,603598,引力传媒,9.44,3.06,0.28,0.11,2.33,1.74,3.93,5836.50万,2.68亿,25.29亿,39.48
987,301262,海看股份,28.66,3.06,0.85,0.04,8.78,1.54,4.82,9746.12万,3915.42万,11.22亿,30.58
988,688658,悦康药业,17.2,3.06,0.51,-0.06,2.03,1.26,4.49,7011.12万,2.05亿,35.19亿,18.69
989,605298,必得科技,15.18,3.06,0.45,-0.26,2.25,1,4.21,1447.85万,4290.00万,6.51亿,63.36
990,300348,长亮科技,9.79,3.05,0.29,0,1.21,1.16,3.37,7196.76万,6.16亿,60.35亿,亏损
991,301336,趣睡科技,44.55,3.05,1.32,0.16,2.54,1.32,4.14,2885.04万,2574.66万,11.47亿,65.39
992,688253,英诺特,20.6,3.05,0.61,0,1.96,1.1,4.45,2602.36万,6587.84万,13.57亿,18.1
993,301381,赛维时代,33.78,3.05,1,-0.03,8.64,0.9,5.92,9119.94万,3141.09万,10.61亿,44.95
994,300043,星辉娱乐,3.38,3.05,0.1,0.3,4.18,1.53,4.27,1.17亿,8.36亿,28.25亿,亏损
995,300465,高伟达,10.14,3.05,0.3,0.1,3.56,1.84,3.56,1.60亿,4.47亿,45.30亿,153.92
996,300726,宏达电子,36.51,3.05,1.08,0,1.24,1.62,4.09,9502.47万,2.14亿,77.98亿,26.62
997,600271,航天信息,12.17,3.05,0.36,0,0.76,1.33,3.39,1.69亿,18.53亿,225.50亿,21.43
998,300857,协创数据,22.67,3.05,0.67,-0.13,1.76,1.18,4.64,8102.42万,2.07亿,46.83亿,24.45
999,301309,万得凯,27.75,3.04,0.82,0.14,1.44,0.77,3.75,987.31万,2500.00万,6.94亿,30.17
1000,2681,奋达科技,4.74,3.04,0.14,0.21,2.03,1.15,3.7,1.30亿,13.59亿,64.41亿,28.47
